Using pre-set license
Built from '2022.3/respin/2022.3.62f2-4af31df585-v2' branch; Version is '2022.3.62f3 (96770f904ca7) revision 9860879'; Using compiler version '192829333'; Build Type 'Release'
OS: 'Windows 11  (10.0.26200) 64bit Professional' Language: 'es' Physical Memory: 15436 MB
BatchMode: 1, IsHumanControllingUs: 0, StartBugReporterOnCrash: 0, Is64bit: 1, IsPro: 1

COMMAND LINE ARGUMENTS:
C:\Program Files\Unity\Hub\Editor\2022.3.62f3\Editor\Unity.exe
-adb2
-batchMode
-noUpm
-name
AssetImportWorker1
-projectPath
C:/Users/usuario/Documents/Unity Projects/Proyect class
-logFile
Logs/AssetImportWorker1.log
-srvPort
53168
Successfully changed project path to: C:/Users/usuario/Documents/Unity Projects/Proyect class
C:/Users/usuario/Documents/Unity Projects/Proyect class
[UnityMemory] Configuration Parameters - Can be set up in boot.config
    "memorysetup-bucket-allocator-granularity=16"
    "memorysetup-bucket-allocator-bucket-count=8"
    "memorysetup-bucket-allocator-block-size=33554432"
    "memorysetup-bucket-allocator-block-count=8"
    "memorysetup-main-allocator-block-size=16777216"
    "memorysetup-thread-allocator-block-size=16777216"
    "memorysetup-gfx-main-allocator-block-size=16777216"
    "memorysetup-gfx-thread-allocator-block-size=16777216"
    "memorysetup-cache-allocator-block-size=4194304"
    "memorysetup-typetree-allocator-block-size=2097152"
    "memorysetup-profiler-bucket-allocator-granularity=16"
    "memorysetup-profiler-bucket-allocator-bucket-count=8"
    "memorysetup-profiler-bucket-allocator-block-size=33554432"
    "memorysetup-profiler-bucket-allocator-block-count=8"
    "memorysetup-profiler-allocator-block-size=16777216"
    "memorysetup-profiler-editor-allocator-block-size=1048576"
    "memorysetup-temp-allocator-size-main=16777216"
    "memorysetup-job-temp-allocator-block-size=2097152"
    "memorysetup-job-temp-allocator-block-size-background=1048576"
    "memorysetup-job-temp-allocator-reduction-small-platforms=262144"
    "memorysetup-allocator-temp-initial-block-size-main=262144"
    "memorysetup-allocator-temp-initial-block-size-worker=262144"
    "memorysetup-temp-allocator-size-background-worker=32768"
    "memorysetup-temp-allocator-size-job-worker=262144"
    "memorysetup-temp-allocator-size-preload-manager=33554432"
    "memorysetup-temp-allocator-size-nav-mesh-worker=65536"
    "memorysetup-temp-allocator-size-audio-worker=65536"
    "memorysetup-temp-allocator-size-cloud-worker=32768"
    "memorysetup-temp-allocator-size-gi-baking-worker=262144"
    "memorysetup-temp-allocator-size-gfx=262144"
Player connection [22028]  Target information:

Player connection [22028]  * "[IP] 192.168.1.2 [Port] 0 [Flags] 2 [Guid] 153892314 [EditorId] 153892314 [Version] 1048832 [Id] WindowsEditor(7,DESKTOP-PVGULNO) [Debug] 1 [PackageName] WindowsEditor [ProjectName] Editor" 

Player connection [22028] Host joined multi-casting on [225.0.0.222:54997]...
Player connection [22028] Host joined alternative multi-casting on [225.0.0.222:34997]...
Input System module state changed to: Initialized.
[PhysX] Initialized MultithreadedTaskDispatcher with 12 workers.
Refreshing native plugins compatible for Editor in 178.39 ms, found 3 plugins.
Preloading 0 native plugins for Editor in 0.00 ms.
Initialize engine version: 2022.3.62f3 (96770f904ca7)
[Subsystems] Discovering subsystems at path C:/Program Files/Unity/Hub/Editor/2022.3.62f3/Editor/Data/Resources/UnitySubsystems
[Subsystems] Discovering subsystems at path C:/Users/usuario/Documents/Unity Projects/Proyect class/Assets
GfxDevice: creating device client; threaded=0; jobified=0
Direct3D:
    Version:  Direct3D 11.0 [level 11.1]
    Renderer: AMD Radeon RX 7600 (ID=0x7480)
    Vendor:   ATI
    VRAM:     8133 MB
    Driver:   32.0.31035.1003
Initialize mono
Mono path[0] = 'C:/Program Files/Unity/Hub/Editor/2022.3.62f3/Editor/Data/Managed'
Mono path[1] = 'C:/Program Files/Unity/Hub/Editor/2022.3.62f3/Editor/Data/MonoBleedingEdge/lib/mono/unityjit-win32'
Mono config path = 'C:/Program Files/Unity/Hub/Editor/2022.3.62f3/Editor/Data/MonoBleedingEdge/etc'
Using monoOptions --debugger-agent=transport=dt_socket,embedding=1,server=y,suspend=n,address=127.0.0.1:56824
Begin MonoManager ReloadAssembly
Registering precompiled unity dll's ...
Register platform support module: C:/Program Files/Unity/Hub/Editor/2022.3.62f3/Editor/Data/PlaybackEngines/WebGLSupport/UnityEditor.WebGL.Extensions.dll
Register platform support module: C:/Program Files/Unity/Hub/Editor/2022.3.62f3/Editor/Data/PlaybackEngines/AndroidPlayer/UnityEditor.Android.Extensions.dll
Register platform support module: C:/Program Files/Unity/Hub/Editor/2022.3.62f3/Editor/Data/PlaybackEngines/WindowsStandaloneSupport/UnityEditor.WindowsStandalone.Extensions.dll
Registered in 0.005361 seconds.
- Loaded All Assemblies, in  0.264 seconds
Native extension for WindowsStandalone target not found
Native extension for Android target not found
Android Extension - Scanning For ADB Devices 233 ms
Native extension for WebGL target not found
Mono: successfully reloaded assembly
- Finished resetting the current domain, in  0.449 seconds
Domain Reload Profiling: 713ms
	BeginReloadAssembly (78ms)
		ExecutionOrderSort (0ms)
		DisableScriptedObjects (0ms)
		BackupInstance (0ms)
		ReleaseScriptingObjects (0ms)
		CreateAndSetChildDomain (1ms)
	RebuildCommonClasses (22ms)
	RebuildNativeTypeToScriptingClass (7ms)
	initialDomainReloadingComplete (38ms)
	LoadAllAssembliesAndSetupDomain (118ms)
		LoadAssemblies (77ms)
		RebuildTransferFunctionScriptingTraits (0ms)
		AnalyzeDomain (116ms)
			TypeCache.Refresh (115ms)
				TypeCache.ScanAssembly (106ms)
			ScanForSourceGeneratedMonoScriptInfo (0ms)
			ResolveRequiredComponents (0ms)
	FinalizeReload (450ms)
		ReleaseScriptCaches (0ms)
		RebuildScriptCaches (0ms)
		SetupLoadedEditorAssemblies (420ms)
			LogAssemblyErrors (0ms)
			InitializePlatformSupportModulesInManaged (285ms)
			SetLoadedEditorAssemblies (4ms)
			RefreshPlugins (0ms)
			BeforeProcessingInitializeOnLoad (2ms)
			ProcessInitializeOnLoadAttributes (93ms)
			ProcessInitializeOnLoadMethodAttributes (36ms)
			AfterProcessingInitializeOnLoad (0ms)
			EditorAssembliesLoaded (0ms)
		ExecutionOrderSort2 (0ms)
		AwakeInstancesAfterBackupRestoration (0ms)
========================================================================
Worker process is ready to serve import requests
Caller must complete domain reload
Begin MonoManager ReloadAssembly
- Loaded All Assemblies, in  0.800 seconds
Native extension for WindowsStandalone target not found
Native extension for Android target not found
Native extension for WebGL target not found
Mono: successfully reloaded assembly
- Finished resetting the current domain, in  0.536 seconds
Domain Reload Profiling: 1335ms
	BeginReloadAssembly (100ms)
		ExecutionOrderSort (0ms)
		DisableScriptedObjects (3ms)
		BackupInstance (0ms)
		ReleaseScriptingObjects (0ms)
		CreateAndSetChildDomain (18ms)
	RebuildCommonClasses (23ms)
	RebuildNativeTypeToScriptingClass (7ms)
	initialDomainReloadingComplete (27ms)
	LoadAllAssembliesAndSetupDomain (642ms)
		LoadAssemblies (568ms)
		RebuildTransferFunctionScriptingTraits (0ms)
		AnalyzeDomain (132ms)
			TypeCache.Refresh (114ms)
				TypeCache.ScanAssembly (103ms)
			ScanForSourceGeneratedMonoScriptInfo (12ms)
			ResolveRequiredComponents (4ms)
	FinalizeReload (536ms)
		ReleaseScriptCaches (0ms)
		RebuildScriptCaches (0ms)
		SetupLoadedEditorAssemblies (430ms)
			LogAssemblyErrors (0ms)
			InitializePlatformSupportModulesInManaged (12ms)
			SetLoadedEditorAssemblies (2ms)
			RefreshPlugins (0ms)
			BeforeProcessingInitializeOnLoad (46ms)
			ProcessInitializeOnLoadAttributes (353ms)
			ProcessInitializeOnLoadMethodAttributes (14ms)
			AfterProcessingInitializeOnLoad (4ms)
			EditorAssembliesLoaded (0ms)
		ExecutionOrderSort2 (0ms)
		AwakeInstancesAfterBackupRestoration (3ms)
Launched and connected shader compiler UnityShaderCompiler.exe after 0.03 seconds
Refreshing native plugins compatible for Editor in 4.10 ms, found 3 plugins.
Preloading 0 native plugins for Editor in 0.00 ms.
Unloading 3908 Unused Serialized files (Serialized files now loaded: 0)
Unloading 33 unused Assets / (110.2 KB). Loaded Objects now: 4400.
Memory consumption went from 147.4 MB to 147.3 MB.
Total: 3.366800 ms (FindLiveObjects: 0.274600 ms CreateObjectMapping: 0.099500 ms MarkObjects: 2.926800 ms  DeleteObjects: 0.065200 ms)

AssetImportParameters requested are different than current active one (requested -> active):
  custom:container-demuxer-ogg: 62fdf1f143b41e24485cea50d1cbac27 -> 
  custom:video-codec-MediaFoundation-h265: 746d11721c4dcdbdad8f713fa42b33f4 -> 
  custom:video-decoder-ogg-theora: a1e56fd34408186e4bbccfd4996cb3dc -> 
  custom:framework-win-MediaFoundation: 216162199b28c13a410421893ffa2e32 -> 
  custom:CustomObjectIndexerAttribute: 9a22284fe3817be447336de3de66b15e -> 
  custom:container-demuxer-webm: 4f35f7cbe854078d1ac9338744f61a02 -> 
  custom:container-muxer-webm: aa71ff27fc2769a1b78a27578f13a17b -> 
  custom:video-decoder-webm-vp8: 9c59270c3fd7afecdb556c50c9e8de78 -> 
  custom:SearchIndexIgnoredProperties: e643bd26f0fe6173181afceb89e7c659 -> 
  custom:AudioImporter_EditorPlatform: d09bf68614088b80899f8185d706f6e7 -> 
  custom:video-encoder-webm-vp8: eb34c28f22e8b96e1ab97ce403110664 -> 
  custom:audio-decoder-ogg-vorbis: bf7c407c2cedff20999df2af8eb42d56 -> 
  custom:audio-encoder-webm-vorbis: bf7c407c2cedff20999df2af8eb42d56 -> 
========================================================================
Received Prepare
Caller must complete domain reload
Begin MonoManager ReloadAssembly
- Loaded All Assemblies, in  0.324 seconds
Native extension for WindowsStandalone target not found
Native extension for Android target not found
Native extension for WebGL target not found
Mono: successfully reloaded assembly
- Finished resetting the current domain, in  0.783 seconds
Domain Reload Profiling: 1106ms
	BeginReloadAssembly (121ms)
		ExecutionOrderSort (0ms)
		DisableScriptedObjects (3ms)
		BackupInstance (0ms)
		ReleaseScriptingObjects (0ms)
		CreateAndSetChildDomain (31ms)
	RebuildCommonClasses (23ms)
	RebuildNativeTypeToScriptingClass (7ms)
	initialDomainReloadingComplete (20ms)
	LoadAllAssembliesAndSetupDomain (151ms)
		LoadAssemblies (200ms)
		RebuildTransferFunctionScriptingTraits (0ms)
		AnalyzeDomain (12ms)
			TypeCache.Refresh (5ms)
				TypeCache.ScanAssembly (0ms)
			ScanForSourceGeneratedMonoScriptInfo (0ms)
			ResolveRequiredComponents (5ms)
	FinalizeReload (784ms)
		ReleaseScriptCaches (0ms)
		RebuildScriptCaches (0ms)
		SetupLoadedEditorAssemblies (402ms)
			LogAssemblyErrors (0ms)
			InitializePlatformSupportModulesInManaged (13ms)
			SetLoadedEditorAssemblies (2ms)
			RefreshPlugins (0ms)
			BeforeProcessingInitializeOnLoad (45ms)
			ProcessInitializeOnLoadAttributes (324ms)
			ProcessInitializeOnLoadMethodAttributes (14ms)
			AfterProcessingInitializeOnLoad (4ms)
			EditorAssembliesLoaded (0ms)
		ExecutionOrderSort2 (0ms)
		AwakeInstancesAfterBackupRestoration (4ms)
Refreshing native plugins compatible for Editor in 2.54 ms, found 3 plugins.
Preloading 0 native plugins for Editor in 0.00 ms.
Unloading 3900 Unused Serialized files (Serialized files now loaded: 0)
Unloading 15 unused Assets / (109.4 KB). Loaded Objects now: 4415.
Memory consumption went from 146.0 MB to 145.9 MB.
Total: 3.525200 ms (FindLiveObjects: 0.463300 ms CreateObjectMapping: 0.176500 ms MarkObjects: 2.833300 ms  DeleteObjects: 0.051400 ms)

Prepare: number of updated asset objects reloaded= 0
AssetImportParameters requested are different than current active one (requested -> active):
  custom:container-demuxer-ogg: 62fdf1f143b41e24485cea50d1cbac27 -> 
  custom:video-codec-MediaFoundation-h265: 746d11721c4dcdbdad8f713fa42b33f4 -> 
  custom:video-decoder-ogg-theora: a1e56fd34408186e4bbccfd4996cb3dc -> 
  custom:framework-win-MediaFoundation: 216162199b28c13a410421893ffa2e32 -> 
  custom:CustomObjectIndexerAttribute: 9a22284fe3817be447336de3de66b15e -> 
  custom:container-demuxer-webm: 4f35f7cbe854078d1ac9338744f61a02 -> 
  custom:container-muxer-webm: aa71ff27fc2769a1b78a27578f13a17b -> 
  custom:video-decoder-webm-vp8: 9c59270c3fd7afecdb556c50c9e8de78 -> 
  custom:SearchIndexIgnoredProperties: e643bd26f0fe6173181afceb89e7c659 -> 
  custom:AudioImporter_EditorPlatform: d09bf68614088b80899f8185d706f6e7 -> 
  custom:video-encoder-webm-vp8: eb34c28f22e8b96e1ab97ce403110664 -> 
  custom:audio-decoder-ogg-vorbis: bf7c407c2cedff20999df2af8eb42d56 -> 
  custom:audio-encoder-webm-vorbis: bf7c407c2cedff20999df2af8eb42d56 -> 
========================================================================
Received Import Request.
  Time since last request: 8209.937515 seconds.
  path: Assets/Scripts/EnemigoDron/Tests 1
  artifactKey: Guid(8775dcffe9ffe3d42944dde9b7b2ac1d) Importer(815301076,1909f56bfc062723c751e8b465ee728b)
Start importing Assets/Scripts/EnemigoDron/Tests 1 using Guid(8775dcffe9ffe3d42944dde9b7b2ac1d) Importer(815301076,1909f56bfc062723c751e8b465ee728b) [PhysX] Initialized MultithreadedTaskDispatcher with 12 workers.
 -> (artifact id: 'c1907ec1e7919a9cd5be2d80c1fa33ff') in 0.006054 seconds
Number of updated asset objects reloaded before import = 0
Number of asset objects unloaded after import = 0
========================================================================
Received Prepare
Caller must complete domain reload
Begin MonoManager ReloadAssembly
- Loaded All Assemblies, in  0.442 seconds
Native extension for WindowsStandalone target not found
Native extension for Android target not found
Native extension for WebGL target not found
Mono: successfully reloaded assembly
- Finished resetting the current domain, in  1.501 seconds
Domain Reload Profiling: 1942ms
	BeginReloadAssembly (110ms)
		ExecutionOrderSort (0ms)
		DisableScriptedObjects (3ms)
		BackupInstance (0ms)
		ReleaseScriptingObjects (0ms)
		CreateAndSetChildDomain (30ms)
	RebuildCommonClasses (20ms)
	RebuildNativeTypeToScriptingClass (7ms)
	initialDomainReloadingComplete (20ms)
	LoadAllAssembliesAndSetupDomain (284ms)
		LoadAssemblies (325ms)
		RebuildTransferFunctionScriptingTraits (0ms)
		AnalyzeDomain (12ms)
			TypeCache.Refresh (6ms)
				TypeCache.ScanAssembly (0ms)
			ScanForSourceGeneratedMonoScriptInfo (0ms)
			ResolveRequiredComponents (4ms)
	FinalizeReload (1502ms)
		ReleaseScriptCaches (0ms)
		RebuildScriptCaches (0ms)
		SetupLoadedEditorAssemblies (528ms)
			LogAssemblyErrors (0ms)
			InitializePlatformSupportModulesInManaged (15ms)
			SetLoadedEditorAssemblies (2ms)
			RefreshPlugins (0ms)
			BeforeProcessingInitializeOnLoad (55ms)
			ProcessInitializeOnLoadAttributes (433ms)
			ProcessInitializeOnLoadMethodAttributes (17ms)
			AfterProcessingInitializeOnLoad (5ms)
			EditorAssembliesLoaded (0ms)
		ExecutionOrderSort2 (0ms)
		AwakeInstancesAfterBackupRestoration (5ms)
Refreshing native plugins compatible for Editor in 3.89 ms, found 3 plugins.
Preloading 0 native plugins for Editor in 0.00 ms.
Unloading 3899 Unused Serialized files (Serialized files now loaded: 0)
Unloading 15 unused Assets / (109.4 KB). Loaded Objects now: 4430.
Memory consumption went from 145.8 MB to 145.7 MB.
Total: 3.448300 ms (FindLiveObjects: 0.279100 ms CreateObjectMapping: 0.113500 ms MarkObjects: 2.984300 ms  DeleteObjects: 0.070600 ms)

Prepare: number of updated asset objects reloaded= 0
AssetImportParameters requested are different than current active one (requested -> active):
  custom:container-demuxer-ogg: 62fdf1f143b41e24485cea50d1cbac27 -> 
  custom:video-codec-MediaFoundation-h265: 746d11721c4dcdbdad8f713fa42b33f4 -> 
  custom:video-decoder-ogg-theora: a1e56fd34408186e4bbccfd4996cb3dc -> 
  custom:framework-win-MediaFoundation: 216162199b28c13a410421893ffa2e32 -> 
  custom:CustomObjectIndexerAttribute: 9a22284fe3817be447336de3de66b15e -> 
  custom:container-demuxer-webm: 4f35f7cbe854078d1ac9338744f61a02 -> 
  custom:container-muxer-webm: aa71ff27fc2769a1b78a27578f13a17b -> 
  custom:video-decoder-webm-vp8: 9c59270c3fd7afecdb556c50c9e8de78 -> 
  custom:SearchIndexIgnoredProperties: e643bd26f0fe6173181afceb89e7c659 -> 
  custom:AudioImporter_EditorPlatform: d09bf68614088b80899f8185d706f6e7 -> 
  custom:video-encoder-webm-vp8: eb34c28f22e8b96e1ab97ce403110664 -> 
  custom:audio-decoder-ogg-vorbis: bf7c407c2cedff20999df2af8eb42d56 -> 
  custom:audio-encoder-webm-vorbis: bf7c407c2cedff20999df2af8eb42d56 -> 
========================================================================
Received Prepare
Caller must complete domain reload
Begin MonoManager ReloadAssembly
- Loaded All Assemblies, in  0.311 seconds
Native extension for WindowsStandalone target not found
Native extension for Android target not found
Native extension for WebGL target not found
Mono: successfully reloaded assembly
- Finished resetting the current domain, in  0.796 seconds
Domain Reload Profiling: 1105ms
	BeginReloadAssembly (113ms)
		ExecutionOrderSort (0ms)
		DisableScriptedObjects (3ms)
		BackupInstance (0ms)
		ReleaseScriptingObjects (0ms)
		CreateAndSetChildDomain (29ms)
	RebuildCommonClasses (24ms)
	RebuildNativeTypeToScriptingClass (7ms)
	initialDomainReloadingComplete (20ms)
	LoadAllAssembliesAndSetupDomain (145ms)
		LoadAssemblies (188ms)
		RebuildTransferFunctionScriptingTraits (0ms)
		AnalyzeDomain (11ms)
			TypeCache.Refresh (5ms)
				TypeCache.ScanAssembly (0ms)
			ScanForSourceGeneratedMonoScriptInfo (0ms)
			ResolveRequiredComponents (4ms)
	FinalizeReload (797ms)
		ReleaseScriptCaches (0ms)
		RebuildScriptCaches (0ms)
		SetupLoadedEditorAssemblies (367ms)
			LogAssemblyErrors (0ms)
			InitializePlatformSupportModulesInManaged (11ms)
			SetLoadedEditorAssemblies (3ms)
			RefreshPlugins (0ms)
			BeforeProcessingInitializeOnLoad (41ms)
			ProcessInitializeOnLoadAttributes (296ms)
			ProcessInitializeOnLoadMethodAttributes (12ms)
			AfterProcessingInitializeOnLoad (3ms)
			EditorAssembliesLoaded (0ms)
		ExecutionOrderSort2 (0ms)
		AwakeInstancesAfterBackupRestoration (3ms)
Refreshing native plugins compatible for Editor in 2.05 ms, found 3 plugins.
Preloading 0 native plugins for Editor in 0.00 ms.
Unloading 3900 Unused Serialized files (Serialized files now loaded: 0)
Unloading 15 unused Assets / (109.4 KB). Loaded Objects now: 4445.
Memory consumption went from 146.1 MB to 146.0 MB.
Total: 3.164300 ms (FindLiveObjects: 0.269400 ms CreateObjectMapping: 0.101900 ms MarkObjects: 2.732100 ms  DeleteObjects: 0.060400 ms)

Prepare: number of updated asset objects reloaded= 0
AssetImportParameters requested are different than current active one (requested -> active):
  custom:container-demuxer-ogg: 62fdf1f143b41e24485cea50d1cbac27 -> 
  custom:video-codec-MediaFoundation-h265: 746d11721c4dcdbdad8f713fa42b33f4 -> 
  custom:video-decoder-ogg-theora: a1e56fd34408186e4bbccfd4996cb3dc -> 
  custom:framework-win-MediaFoundation: 216162199b28c13a410421893ffa2e32 -> 
  custom:CustomObjectIndexerAttribute: 9a22284fe3817be447336de3de66b15e -> 
  custom:container-demuxer-webm: 4f35f7cbe854078d1ac9338744f61a02 -> 
  custom:container-muxer-webm: aa71ff27fc2769a1b78a27578f13a17b -> 
  custom:video-decoder-webm-vp8: 9c59270c3fd7afecdb556c50c9e8de78 -> 
  custom:SearchIndexIgnoredProperties: e643bd26f0fe6173181afceb89e7c659 -> 
  custom:AudioImporter_EditorPlatform: d09bf68614088b80899f8185d706f6e7 -> 
  custom:video-encoder-webm-vp8: eb34c28f22e8b96e1ab97ce403110664 -> 
  custom:audio-decoder-ogg-vorbis: bf7c407c2cedff20999df2af8eb42d56 -> 
  custom:audio-encoder-webm-vorbis: bf7c407c2cedff20999df2af8eb42d56 -> 
========================================================================
Received Prepare
Assembly with name 'Tests' already exists (Assets/Pruebas/Tests/Tests.asmdef)
Assembly with name 'Tests' already exists (Assets/Scripts/EnemigoDron/Tests/Tests.asmdef)
Caller must complete domain reload
Assembly with name 'Tests' already exists (Assets/Pruebas/Tests/Tests.asmdef)
Assembly with name 'Tests' already exists (Assets/Scripts/EnemigoDron/Tests/Tests.asmdef)
Begin MonoManager ReloadAssembly
- Loaded All Assemblies, in  0.298 seconds
Native extension for WindowsStandalone target not found
Native extension for Android target not found
Native extension for WebGL target not found
Assembly with name 'Tests' already exists (Assets/Pruebas/Tests/Tests.asmdef)
Assembly with name 'Tests' already exists (Assets/Scripts/EnemigoDron/Tests/Tests.asmdef)
Mono: successfully reloaded assembly
- Finished resetting the current domain, in  0.737 seconds
Domain Reload Profiling: 1033ms
	BeginReloadAssembly (106ms)
		ExecutionOrderSort (0ms)
		DisableScriptedObjects (4ms)
		BackupInstance (0ms)
		ReleaseScriptingObjects (0ms)
		CreateAndSetChildDomain (28ms)
	RebuildCommonClasses (19ms)
	RebuildNativeTypeToScriptingClass (7ms)
	initialDomainReloadingComplete (18ms)
	LoadAllAssembliesAndSetupDomain (145ms)
		LoadAssemblies (184ms)
		RebuildTransferFunctionScriptingTraits (0ms)
		AnalyzeDomain (11ms)
			TypeCache.Refresh (5ms)
				TypeCache.ScanAssembly (0ms)
			ScanForSourceGeneratedMonoScriptInfo (0ms)
			ResolveRequiredComponents (4ms)
	FinalizeReload (737ms)
		ReleaseScriptCaches (0ms)
		RebuildScriptCaches (0ms)
		SetupLoadedEditorAssemblies (389ms)
			LogAssemblyErrors (0ms)
			InitializePlatformSupportModulesInManaged (14ms)
			SetLoadedEditorAssemblies (2ms)
			RefreshPlugins (0ms)
			BeforeProcessingInitializeOnLoad (62ms)
			ProcessInitializeOnLoadAttributes (295ms)
			ProcessInitializeOnLoadMethodAttributes (13ms)
			AfterProcessingInitializeOnLoad (4ms)
			EditorAssembliesLoaded (0ms)
		ExecutionOrderSort2 (0ms)
		AwakeInstancesAfterBackupRestoration (4ms)
Refreshing native plugins compatible for Editor in 2.54 ms, found 3 plugins.
Preloading 0 native plugins for Editor in 0.00 ms.
Unloading 3900 Unused Serialized files (Serialized files now loaded: 0)
Unloading 15 unused Assets / (109.5 KB). Loaded Objects now: 4460.
Memory consumption went from 146.1 MB to 146.0 MB.
Total: 3.265100 ms (FindLiveObjects: 0.233000 ms CreateObjectMapping: 0.073900 ms MarkObjects: 2.898900 ms  DeleteObjects: 0.058600 ms)

Prepare: number of updated asset objects reloaded= 0
AssetImportParameters requested are different than current active one (requested -> active):
  custom:container-demuxer-ogg: 62fdf1f143b41e24485cea50d1cbac27 -> 
  custom:video-codec-MediaFoundation-h265: 746d11721c4dcdbdad8f713fa42b33f4 -> 
  custom:video-decoder-ogg-theora: a1e56fd34408186e4bbccfd4996cb3dc -> 
  custom:framework-win-MediaFoundation: 216162199b28c13a410421893ffa2e32 -> 
  custom:CustomObjectIndexerAttribute: 9a22284fe3817be447336de3de66b15e -> 
  custom:container-demuxer-webm: 4f35f7cbe854078d1ac9338744f61a02 -> 
  custom:container-muxer-webm: aa71ff27fc2769a1b78a27578f13a17b -> 
  custom:video-decoder-webm-vp8: 9c59270c3fd7afecdb556c50c9e8de78 -> 
  custom:SearchIndexIgnoredProperties: e643bd26f0fe6173181afceb89e7c659 -> 
  custom:AudioImporter_EditorPlatform: d09bf68614088b80899f8185d706f6e7 -> 
  custom:video-encoder-webm-vp8: eb34c28f22e8b96e1ab97ce403110664 -> 
  custom:audio-decoder-ogg-vorbis: bf7c407c2cedff20999df2af8eb42d56 -> 
  custom:audio-encoder-webm-vorbis: bf7c407c2cedff20999df2af8eb42d56 -> 
========================================================================
Received Prepare
Assembly with name 'Tests' already exists (Assets/Pruebas/Tests/Tests.asmdef)
Assembly with name 'Tests' already exists (Assets/Scripts/EnemigoDron/Tests/Tests.asmdef)
Caller must complete domain reload
Assembly with name 'Tests' already exists (Assets/Pruebas/Tests/Tests.asmdef)
Assembly with name 'Tests' already exists (Assets/Scripts/EnemigoDron/Tests/Tests.asmdef)
Begin MonoManager ReloadAssembly
- Loaded All Assemblies, in  0.297 seconds
Native extension for WindowsStandalone target not found
Native extension for Android target not found
Native extension for WebGL target not found
Assembly with name 'Tests' already exists (Assets/Pruebas/Tests/Tests.asmdef)
Assembly with name 'Tests' already exists (Assets/Scripts/EnemigoDron/Tests/Tests.asmdef)
Mono: successfully reloaded assembly
- Finished resetting the current domain, in  0.762 seconds
Domain Reload Profiling: 1058ms
	BeginReloadAssembly (102ms)
		ExecutionOrderSort (0ms)
		DisableScriptedObjects (3ms)
		BackupInstance (0ms)
		ReleaseScriptingObjects (0ms)
		CreateAndSetChildDomain (28ms)
	RebuildCommonClasses (19ms)
	RebuildNativeTypeToScriptingClass (7ms)
	initialDomainReloadingComplete (17ms)
	LoadAllAssembliesAndSetupDomain (150ms)
		LoadAssemblies (184ms)
		RebuildTransferFunctionScriptingTraits (0ms)
		AnalyzeDomain (14ms)
			TypeCache.Refresh (6ms)
				TypeCache.ScanAssembly (0ms)
			ScanForSourceGeneratedMonoScriptInfo (0ms)
			ResolveRequiredComponents (6ms)
	FinalizeReload (762ms)
		ReleaseScriptCaches (0ms)
		RebuildScriptCaches (0ms)
		SetupLoadedEditorAssemblies (396ms)
			LogAssemblyErrors (0ms)
			InitializePlatformSupportModulesInManaged (13ms)
			SetLoadedEditorAssemblies (3ms)
			RefreshPlugins (0ms)
			BeforeProcessingInitializeOnLoad (62ms)
			ProcessInitializeOnLoadAttributes (302ms)
			ProcessInitializeOnLoadMethodAttributes (13ms)
			AfterProcessingInitializeOnLoad (3ms)
			EditorAssembliesLoaded (0ms)
		ExecutionOrderSort2 (0ms)
		AwakeInstancesAfterBackupRestoration (4ms)
Refreshing native plugins compatible for Editor in 1.97 ms, found 3 plugins.
Preloading 0 native plugins for Editor in 0.00 ms.
Unloading 3900 Unused Serialized files (Serialized files now loaded: 0)
Unloading 15 unused Assets / (109.5 KB). Loaded Objects now: 4475.
Memory consumption went from 146.1 MB to 146.0 MB.
Total: 3.432600 ms (FindLiveObjects: 0.365900 ms CreateObjectMapping: 0.308600 ms MarkObjects: 2.707900 ms  DeleteObjects: 0.049300 ms)

Prepare: number of updated asset objects reloaded= 0
AssetImportParameters requested are different than current active one (requested -> active):
  custom:container-demuxer-ogg: 62fdf1f143b41e24485cea50d1cbac27 -> 
  custom:video-codec-MediaFoundation-h265: 746d11721c4dcdbdad8f713fa42b33f4 -> 
  custom:video-decoder-ogg-theora: a1e56fd34408186e4bbccfd4996cb3dc -> 
  custom:framework-win-MediaFoundation: 216162199b28c13a410421893ffa2e32 -> 
  custom:CustomObjectIndexerAttribute: 9a22284fe3817be447336de3de66b15e -> 
  custom:container-demuxer-webm: 4f35f7cbe854078d1ac9338744f61a02 -> 
  custom:container-muxer-webm: aa71ff27fc2769a1b78a27578f13a17b -> 
  custom:video-decoder-webm-vp8: 9c59270c3fd7afecdb556c50c9e8de78 -> 
  custom:SearchIndexIgnoredProperties: e643bd26f0fe6173181afceb89e7c659 -> 
  custom:AudioImporter_EditorPlatform: d09bf68614088b80899f8185d706f6e7 -> 
  custom:video-encoder-webm-vp8: eb34c28f22e8b96e1ab97ce403110664 -> 
  custom:audio-decoder-ogg-vorbis: bf7c407c2cedff20999df2af8eb42d56 -> 
  custom:audio-encoder-webm-vorbis: bf7c407c2cedff20999df2af8eb42d56 -> 
========================================================================
Received Prepare
Assembly with name 'Tests' already exists (Assets/Pruebas/Tests/Tests.asmdef)
Assembly with name 'Tests' already exists (Assets/Scripts/EnemigoDron/Tests/Tests.asmdef)
Caller must complete domain reload
Assembly with name 'Tests' already exists (Assets/Pruebas/Tests/Tests.asmdef)
Assembly with name 'Tests' already exists (Assets/Scripts/EnemigoDron/Tests/Tests.asmdef)
Begin MonoManager ReloadAssembly
- Loaded All Assemblies, in  0.304 seconds
Native extension for WindowsStandalone target not found
Native extension for Android target not found
Native extension for WebGL target not found
Assembly with name 'Tests' already exists (Assets/Pruebas/Tests/Tests.asmdef)
Assembly with name 'Tests' already exists (Assets/Scripts/EnemigoDron/Tests/Tests.asmdef)
Mono: successfully reloaded assembly
- Finished resetting the current domain, in  0.801 seconds
Domain Reload Profiling: 1104ms
	BeginReloadAssembly (106ms)
		ExecutionOrderSort (0ms)
		DisableScriptedObjects (3ms)
		BackupInstance (0ms)
		ReleaseScriptingObjects (0ms)
		CreateAndSetChildDomain (29ms)
	RebuildCommonClasses (24ms)
	RebuildNativeTypeToScriptingClass (7ms)
	initialDomainReloadingComplete (21ms)
	LoadAllAssembliesAndSetupDomain (145ms)
		LoadAssemblies (185ms)
		RebuildTransferFunctionScriptingTraits (0ms)
		AnalyzeDomain (11ms)
			TypeCache.Refresh (6ms)
				TypeCache.ScanAssembly (0ms)
			ScanForSourceGeneratedMonoScriptInfo (0ms)
			ResolveRequiredComponents (4ms)
	FinalizeReload (801ms)
		ReleaseScriptCaches (0ms)
		RebuildScriptCaches (0ms)
		SetupLoadedEditorAssemblies (376ms)
			LogAssemblyErrors (0ms)
			InitializePlatformSupportModulesInManaged (12ms)
			SetLoadedEditorAssemblies (2ms)
			RefreshPlugins (0ms)
			BeforeProcessingInitializeOnLoad (53ms)
			ProcessInitializeOnLoadAttributes (291ms)
			ProcessInitializeOnLoadMethodAttributes (13ms)
			AfterProcessingInitializeOnLoad (4ms)
			EditorAssembliesLoaded (0ms)
		ExecutionOrderSort2 (0ms)
		AwakeInstancesAfterBackupRestoration (4ms)
Refreshing native plugins compatible for Editor in 2.15 ms, found 3 plugins.
Preloading 0 native plugins for Editor in 0.00 ms.
Unloading 3900 Unused Serialized files (Serialized files now loaded: 0)
Unloading 15 unused Assets / (109.4 KB). Loaded Objects now: 4490.
Memory consumption went from 146.1 MB to 146.0 MB.
Total: 3.083300 ms (FindLiveObjects: 0.239800 ms CreateObjectMapping: 0.079600 ms MarkObjects: 2.692400 ms  DeleteObjects: 0.071000 ms)

Prepare: number of updated asset objects reloaded= 0
AssetImportParameters requested are different than current active one (requested -> active):
  custom:container-demuxer-ogg: 62fdf1f143b41e24485cea50d1cbac27 -> 
  custom:video-codec-MediaFoundation-h265: 746d11721c4dcdbdad8f713fa42b33f4 -> 
  custom:video-decoder-ogg-theora: a1e56fd34408186e4bbccfd4996cb3dc -> 
  custom:framework-win-MediaFoundation: 216162199b28c13a410421893ffa2e32 -> 
  custom:CustomObjectIndexerAttribute: 9a22284fe3817be447336de3de66b15e -> 
  custom:container-demuxer-webm: 4f35f7cbe854078d1ac9338744f61a02 -> 
  custom:container-muxer-webm: aa71ff27fc2769a1b78a27578f13a17b -> 
  custom:video-decoder-webm-vp8: 9c59270c3fd7afecdb556c50c9e8de78 -> 
  custom:SearchIndexIgnoredProperties: e643bd26f0fe6173181afceb89e7c659 -> 
  custom:AudioImporter_EditorPlatform: d09bf68614088b80899f8185d706f6e7 -> 
  custom:video-encoder-webm-vp8: eb34c28f22e8b96e1ab97ce403110664 -> 
  custom:audio-decoder-ogg-vorbis: bf7c407c2cedff20999df2af8eb42d56 -> 
  custom:audio-encoder-webm-vorbis: bf7c407c2cedff20999df2af8eb42d56 -> 
========================================================================
Received Prepare
Assembly with name 'Tests1' already exists (Assets/Pruebas/Tests 1/Tests 1.asmdef)
Assembly with name 'Tests1' already exists (Assets/Scripts/EnemigoDron/Tests 1/Tests 1.asmdef)
Assembly with name 'Tests' already exists (Assets/Pruebas/Tests/Tests.asmdef)
Assembly with name 'Tests' already exists (Assets/Scripts/EnemigoDron/Tests/Tests.asmdef)
Caller must complete domain reload
Assembly with name 'Tests1' already exists (Assets/Pruebas/Tests 1/Tests 1.asmdef)
Assembly with name 'Tests1' already exists (Assets/Scripts/EnemigoDron/Tests 1/Tests 1.asmdef)
Assembly with name 'Tests' already exists (Assets/Pruebas/Tests/Tests.asmdef)
Assembly with name 'Tests' already exists (Assets/Scripts/EnemigoDron/Tests/Tests.asmdef)
Begin MonoManager ReloadAssembly
- Loaded All Assemblies, in  0.301 seconds
Native extension for WindowsStandalone target not found
Native extension for Android target not found
Native extension for WebGL target not found
Assembly with name 'Tests1' already exists (Assets/Pruebas/Tests 1/Tests 1.asmdef)
Assembly with name 'Tests1' already exists (Assets/Scripts/EnemigoDron/Tests 1/Tests 1.asmdef)
Assembly with name 'Tests' already exists (Assets/Pruebas/Tests/Tests.asmdef)
Assembly with name 'Tests' already exists (Assets/Scripts/EnemigoDron/Tests/Tests.asmdef)
Mono: successfully reloaded assembly
- Finished resetting the current domain, in  0.924 seconds
Domain Reload Profiling: 1223ms
	BeginReloadAssembly (104ms)
		ExecutionOrderSort (0ms)
		DisableScriptedObjects (3ms)
		BackupInstance (0ms)
		ReleaseScriptingObjects (0ms)
		CreateAndSetChildDomain (29ms)
	RebuildCommonClasses (20ms)
	RebuildNativeTypeToScriptingClass (8ms)
	initialDomainReloadingComplete (18ms)
	LoadAllAssembliesAndSetupDomain (149ms)
		LoadAssemblies (186ms)
		RebuildTransferFunctionScriptingTraits (0ms)
		AnalyzeDomain (11ms)
			TypeCache.Refresh (5ms)
				TypeCache.ScanAssembly (0ms)
			ScanForSourceGeneratedMonoScriptInfo (0ms)
			ResolveRequiredComponents (4ms)
	FinalizeReload (924ms)
		ReleaseScriptCaches (0ms)
		RebuildScriptCaches (0ms)
		SetupLoadedEditorAssemblies (539ms)
			LogAssemblyErrors (0ms)
			InitializePlatformSupportModulesInManaged (15ms)
			SetLoadedEditorAssemblies (3ms)
			RefreshPlugins (0ms)
			BeforeProcessingInitializeOnLoad (71ms)
			ProcessInitializeOnLoadAttributes (426ms)
			ProcessInitializeOnLoadMethodAttributes (18ms)
			AfterProcessingInitializeOnLoad (5ms)
			EditorAssembliesLoaded (0ms)
		ExecutionOrderSort2 (0ms)
		AwakeInstancesAfterBackupRestoration (6ms)
Refreshing native plugins compatible for Editor in 2.41 ms, found 3 plugins.
Preloading 0 native plugins for Editor in 0.00 ms.
Unloading 3900 Unused Serialized files (Serialized files now loaded: 0)
Unloading 15 unused Assets / (109.4 KB). Loaded Objects now: 4505.
Memory consumption went from 146.1 MB to 146.0 MB.
Total: 3.641000 ms (FindLiveObjects: 0.280200 ms CreateObjectMapping: 0.099500 ms MarkObjects: 3.212300 ms  DeleteObjects: 0.048300 ms)

Prepare: number of updated asset objects reloaded= 0
AssetImportParameters requested are different than current active one (requested -> active):
  custom:container-demuxer-ogg: 62fdf1f143b41e24485cea50d1cbac27 -> 
  custom:video-codec-MediaFoundation-h265: 746d11721c4dcdbdad8f713fa42b33f4 -> 
  custom:video-decoder-ogg-theora: a1e56fd34408186e4bbccfd4996cb3dc -> 
  custom:framework-win-MediaFoundation: 216162199b28c13a410421893ffa2e32 -> 
  custom:CustomObjectIndexerAttribute: 9a22284fe3817be447336de3de66b15e -> 
  custom:container-demuxer-webm: 4f35f7cbe854078d1ac9338744f61a02 -> 
  custom:container-muxer-webm: aa71ff27fc2769a1b78a27578f13a17b -> 
  custom:video-decoder-webm-vp8: 9c59270c3fd7afecdb556c50c9e8de78 -> 
  custom:SearchIndexIgnoredProperties: e643bd26f0fe6173181afceb89e7c659 -> 
  custom:AudioImporter_EditorPlatform: d09bf68614088b80899f8185d706f6e7 -> 
  custom:video-encoder-webm-vp8: eb34c28f22e8b96e1ab97ce403110664 -> 
  custom:audio-decoder-ogg-vorbis: bf7c407c2cedff20999df2af8eb42d56 -> 
  custom:audio-encoder-webm-vorbis: bf7c407c2cedff20999df2af8eb42d56 -> 
========================================================================
Received Prepare
Assembly with name 'Tests1' already exists (Assets/Pruebas/Tests 1/Tests 1.asmdef)
Assembly with name 'Tests1' already exists (Assets/Scripts/EnemigoDron/Tests 1/Tests 1.asmdef)
Assembly with name 'Tests' already exists (Assets/Pruebas/Tests/Tests.asmdef)
Assembly with name 'Tests' already exists (Assets/Scripts/EnemigoDron/Tests/Tests.asmdef)
Caller must complete domain reload
Assembly with name 'Tests1' already exists (Assets/Pruebas/Tests 1/Tests 1.asmdef)
Assembly with name 'Tests1' already exists (Assets/Scripts/EnemigoDron/Tests 1/Tests 1.asmdef)
Assembly with name 'Tests' already exists (Assets/Pruebas/Tests/Tests.asmdef)
Assembly with name 'Tests' already exists (Assets/Scripts/EnemigoDron/Tests/Tests.asmdef)
Begin MonoManager ReloadAssembly
- Loaded All Assemblies, in  0.306 seconds
Native extension for WindowsStandalone target not found
Native extension for Android target not found
Native extension for WebGL target not found
Assembly with name 'Tests1' already exists (Assets/Pruebas/Tests 1/Tests 1.asmdef)
Assembly with name 'Tests1' already exists (Assets/Scripts/EnemigoDron/Tests 1/Tests 1.asmdef)
Assembly with name 'Tests' already exists (Assets/Pruebas/Tests/Tests.asmdef)
Assembly with name 'Tests' already exists (Assets/Scripts/EnemigoDron/Tests/Tests.asmdef)
Mono: successfully reloaded assembly
- Finished resetting the current domain, in  0.751 seconds
Domain Reload Profiling: 1056ms
	BeginReloadAssembly (113ms)
		ExecutionOrderSort (0ms)
		DisableScriptedObjects (3ms)
		BackupInstance (0ms)
		ReleaseScriptingObjects (0ms)
		CreateAndSetChildDomain (30ms)
	RebuildCommonClasses (21ms)
	RebuildNativeTypeToScriptingClass (7ms)
	initialDomainReloadingComplete (20ms)
	LoadAllAssembliesAndSetupDomain (144ms)
		LoadAssemblies (186ms)
		RebuildTransferFunctionScriptingTraits (0ms)
		AnalyzeDomain (11ms)
			TypeCache.Refresh (5ms)
				TypeCache.ScanAssembly (0ms)
			ScanForSourceGeneratedMonoScriptInfo (0ms)
			ResolveRequiredComponents (4ms)
	FinalizeReload (752ms)
		ReleaseScriptCaches (0ms)
		RebuildScriptCaches (0ms)
		SetupLoadedEditorAssemblies (399ms)
			LogAssemblyErrors (0ms)
			InitializePlatformSupportModulesInManaged (14ms)
			SetLoadedEditorAssemblies (2ms)
			RefreshPlugins (0ms)
			BeforeProcessingInitializeOnLoad (61ms)
			ProcessInitializeOnLoadAttributes (302ms)
			ProcessInitializeOnLoadMethodAttributes (15ms)
			AfterProcessingInitializeOnLoad (4ms)
			EditorAssembliesLoaded (0ms)
		ExecutionOrderSort2 (0ms)
		AwakeInstancesAfterBackupRestoration (4ms)
Refreshing native plugins compatible for Editor in 2.18 ms, found 3 plugins.
Preloading 0 native plugins for Editor in 0.00 ms.
Unloading 3900 Unused Serialized files (Serialized files now loaded: 0)
Unloading 15 unused Assets / (109.4 KB). Loaded Objects now: 4520.
Memory consumption went from 146.1 MB to 146.0 MB.
Total: 4.160200 ms (FindLiveObjects: 0.564900 ms CreateObjectMapping: 0.148300 ms MarkObjects: 3.369300 ms  DeleteObjects: 0.076900 ms)

Prepare: number of updated asset objects reloaded= 0
AssetImportParameters requested are different than current active one (requested -> active):
  custom:container-demuxer-ogg: 62fdf1f143b41e24485cea50d1cbac27 -> 
  custom:video-codec-MediaFoundation-h265: 746d11721c4dcdbdad8f713fa42b33f4 -> 
  custom:video-decoder-ogg-theora: a1e56fd34408186e4bbccfd4996cb3dc -> 
  custom:framework-win-MediaFoundation: 216162199b28c13a410421893ffa2e32 -> 
  custom:CustomObjectIndexerAttribute: 9a22284fe3817be447336de3de66b15e -> 
  custom:container-demuxer-webm: 4f35f7cbe854078d1ac9338744f61a02 -> 
  custom:container-muxer-webm: aa71ff27fc2769a1b78a27578f13a17b -> 
  custom:video-decoder-webm-vp8: 9c59270c3fd7afecdb556c50c9e8de78 -> 
  custom:SearchIndexIgnoredProperties: e643bd26f0fe6173181afceb89e7c659 -> 
  custom:AudioImporter_EditorPlatform: d09bf68614088b80899f8185d706f6e7 -> 
  custom:video-encoder-webm-vp8: eb34c28f22e8b96e1ab97ce403110664 -> 
  custom:audio-decoder-ogg-vorbis: bf7c407c2cedff20999df2af8eb42d56 -> 
  custom:audio-encoder-webm-vorbis: bf7c407c2cedff20999df2af8eb42d56 -> 
========================================================================
Received Prepare
Assembly with name 'Tests1' already exists (Assets/Pruebas/Tests 1/Tests 1.asmdef)
Assembly with name 'Tests1' already exists (Assets/Scripts/EnemigoDron/Tests 1/Tests 1.asmdef)
Assembly with name 'Tests' already exists (Assets/Pruebas/Tests/Tests.asmdef)
Assembly with name 'Tests' already exists (Assets/Scripts/EnemigoDron/Tests/Tests.asmdef)
Caller must complete domain reload
Assembly with name 'Tests1' already exists (Assets/Pruebas/Tests 1/Tests 1.asmdef)
Assembly with name 'Tests1' already exists (Assets/Scripts/EnemigoDron/Tests 1/Tests 1.asmdef)
Assembly with name 'Tests' already exists (Assets/Pruebas/Tests/Tests.asmdef)
Assembly with name 'Tests' already exists (Assets/Scripts/EnemigoDron/Tests/Tests.asmdef)
Begin MonoManager ReloadAssembly
- Loaded All Assemblies, in  0.297 seconds
Native extension for WindowsStandalone target not found
Native extension for Android target not found
Native extension for WebGL target not found
Assembly with name 'Tests1' already exists (Assets/Pruebas/Tests 1/Tests 1.asmdef)
Assembly with name 'Tests1' already exists (Assets/Scripts/EnemigoDron/Tests 1/Tests 1.asmdef)
Assembly with name 'Tests' already exists (Assets/Pruebas/Tests/Tests.asmdef)
Assembly with name 'Tests' already exists (Assets/Scripts/EnemigoDron/Tests/Tests.asmdef)
Mono: successfully reloaded assembly
- Finished resetting the current domain, in  0.813 seconds
Domain Reload Profiling: 1110ms
	BeginReloadAssembly (106ms)
		ExecutionOrderSort (0ms)
		DisableScriptedObjects (3ms)
		BackupInstance (0ms)
		ReleaseScriptingObjects (0ms)
		CreateAndSetChildDomain (29ms)
	RebuildCommonClasses (19ms)
	RebuildNativeTypeToScriptingClass (7ms)
	initialDomainReloadingComplete (17ms)
	LoadAllAssembliesAndSetupDomain (147ms)
		LoadAssemblies (185ms)
		RebuildTransferFunctionScriptingTraits (0ms)
		AnalyzeDomain (12ms)
			TypeCache.Refresh (5ms)
				TypeCache.ScanAssembly (0ms)
			ScanForSourceGeneratedMonoScriptInfo (0ms)
			ResolveRequiredComponents (5ms)
	FinalizeReload (814ms)
		ReleaseScriptCaches (0ms)
		RebuildScriptCaches (0ms)
		SetupLoadedEditorAssemblies (391ms)
			LogAssemblyErrors (0ms)
			InitializePlatformSupportModulesInManaged (12ms)
			SetLoadedEditorAssemblies (2ms)
			RefreshPlugins (0ms)
			BeforeProcessingInitializeOnLoad (54ms)
			ProcessInitializeOnLoadAttributes (306ms)
			ProcessInitializeOnLoadMethodAttributes (12ms)
			AfterProcessingInitializeOnLoad (4ms)
			EditorAssembliesLoaded (0ms)
		ExecutionOrderSort2 (0ms)
		AwakeInstancesAfterBackupRestoration (4ms)
Refreshing native plugins compatible for Editor in 1.89 ms, found 3 plugins.
Preloading 0 native plugins for Editor in 0.00 ms.
Unloading 3900 Unused Serialized files (Serialized files now loaded: 0)
Unloading 15 unused Assets / (109.4 KB). Loaded Objects now: 4535.
Memory consumption went from 146.1 MB to 146.0 MB.
Total: 2.989300 ms (FindLiveObjects: 0.272700 ms CreateObjectMapping: 0.069200 ms MarkObjects: 2.594000 ms  DeleteObjects: 0.052800 ms)

Prepare: number of updated asset objects reloaded= 0
AssetImportParameters requested are different than current active one (requested -> active):
  custom:container-demuxer-ogg: 62fdf1f143b41e24485cea50d1cbac27 -> 
  custom:video-codec-MediaFoundation-h265: 746d11721c4dcdbdad8f713fa42b33f4 -> 
  custom:video-decoder-ogg-theora: a1e56fd34408186e4bbccfd4996cb3dc -> 
  custom:framework-win-MediaFoundation: 216162199b28c13a410421893ffa2e32 -> 
  custom:CustomObjectIndexerAttribute: 9a22284fe3817be447336de3de66b15e -> 
  custom:container-demuxer-webm: 4f35f7cbe854078d1ac9338744f61a02 -> 
  custom:container-muxer-webm: aa71ff27fc2769a1b78a27578f13a17b -> 
  custom:video-decoder-webm-vp8: 9c59270c3fd7afecdb556c50c9e8de78 -> 
  custom:SearchIndexIgnoredProperties: e643bd26f0fe6173181afceb89e7c659 -> 
  custom:AudioImporter_EditorPlatform: d09bf68614088b80899f8185d706f6e7 -> 
  custom:video-encoder-webm-vp8: eb34c28f22e8b96e1ab97ce403110664 -> 
  custom:audio-decoder-ogg-vorbis: bf7c407c2cedff20999df2af8eb42d56 -> 
  custom:audio-encoder-webm-vorbis: bf7c407c2cedff20999df2af8eb42d56 -> 
========================================================================
Received Prepare
Assembly with name 'Tests1' already exists (Assets/Pruebas/Tests 1/Tests 1.asmdef)
Assembly with name 'Tests1' already exists (Assets/Scripts/EnemigoDron/Tests 1/Tests 1.asmdef)
Assembly with name 'Tests' already exists (Assets/Pruebas/Tests/Tests.asmdef)
Assembly with name 'Tests' already exists (Assets/Scripts/EnemigoDron/Tests/Tests.asmdef)
Caller must complete domain reload
Assembly with name 'Tests1' already exists (Assets/Pruebas/Tests 1/Tests 1.asmdef)
Assembly with name 'Tests1' already exists (Assets/Scripts/EnemigoDron/Tests 1/Tests 1.asmdef)
Assembly with name 'Tests' already exists (Assets/Pruebas/Tests/Tests.asmdef)
Assembly with name 'Tests' already exists (Assets/Scripts/EnemigoDron/Tests/Tests.asmdef)
Begin MonoManager ReloadAssembly
- Loaded All Assemblies, in  0.330 seconds
Native extension for WindowsStandalone target not found
Native extension for Android target not found
Native extension for WebGL target not found
Assembly with name 'Tests1' already exists (Assets/Pruebas/Tests 1/Tests 1.asmdef)
Assembly with name 'Tests1' already exists (Assets/Scripts/EnemigoDron/Tests 1/Tests 1.asmdef)
Assembly with name 'Tests' already exists (Assets/Pruebas/Tests/Tests.asmdef)
Assembly with name 'Tests' already exists (Assets/Scripts/EnemigoDron/Tests/Tests.asmdef)
Mono: successfully reloaded assembly
- Finished resetting the current domain, in  0.840 seconds
Domain Reload Profiling: 1169ms
	BeginReloadAssembly (112ms)
		ExecutionOrderSort (0ms)
		DisableScriptedObjects (3ms)
		BackupInstance (0ms)
		ReleaseScriptingObjects (0ms)
		CreateAndSetChildDomain (30ms)
	RebuildCommonClasses (21ms)
	RebuildNativeTypeToScriptingClass (8ms)
	initialDomainReloadingComplete (21ms)
	LoadAllAssembliesAndSetupDomain (167ms)
		LoadAssemblies (194ms)
		RebuildTransferFunctionScriptingTraits (0ms)
		AnalyzeDomain (27ms)
			TypeCache.Refresh (8ms)
				TypeCache.ScanAssembly (0ms)
			ScanForSourceGeneratedMonoScriptInfo (13ms)
			ResolveRequiredComponents (4ms)
	FinalizeReload (841ms)
		ReleaseScriptCaches (0ms)
		RebuildScriptCaches (0ms)
		SetupLoadedEditorAssemblies (484ms)
			LogAssemblyErrors (0ms)
			InitializePlatformSupportModulesInManaged (12ms)
			SetLoadedEditorAssemblies (3ms)
			RefreshPlugins (0ms)
			BeforeProcessingInitializeOnLoad (60ms)
			ProcessInitializeOnLoadAttributes (385ms)
			ProcessInitializeOnLoadMethodAttributes (19ms)
			AfterProcessingInitializeOnLoad (5ms)
			EditorAssembliesLoaded (0ms)
		ExecutionOrderSort2 (0ms)
		AwakeInstancesAfterBackupRestoration (6ms)
Refreshing native plugins compatible for Editor in 2.41 ms, found 3 plugins.
Preloading 0 native plugins for Editor in 0.00 ms.
Unloading 3901 Unused Serialized files (Serialized files now loaded: 0)
Unloading 15 unused Assets / (109.5 KB). Loaded Objects now: 4551.
Memory consumption went from 146.2 MB to 146.1 MB.
Total: 4.258600 ms (FindLiveObjects: 0.501100 ms CreateObjectMapping: 0.139600 ms MarkObjects: 3.540100 ms  DeleteObjects: 0.076900 ms)

Prepare: number of updated asset objects reloaded= 0
AssetImportParameters requested are different than current active one (requested -> active):
  custom:container-demuxer-ogg: 62fdf1f143b41e24485cea50d1cbac27 -> 
  custom:video-codec-MediaFoundation-h265: 746d11721c4dcdbdad8f713fa42b33f4 -> 
  custom:video-decoder-ogg-theora: a1e56fd34408186e4bbccfd4996cb3dc -> 
  custom:scripting/precompiled-assembly-types:Tests1: 4f5438c63ef09d6e90ce445a5879a923 -> 
  custom:framework-win-MediaFoundation: 216162199b28c13a410421893ffa2e32 -> 
  custom:CustomObjectIndexerAttribute: 9a22284fe3817be447336de3de66b15e -> 
  custom:container-demuxer-webm: 4f35f7cbe854078d1ac9338744f61a02 -> 
  custom:container-muxer-webm: aa71ff27fc2769a1b78a27578f13a17b -> 
  custom:video-decoder-webm-vp8: 9c59270c3fd7afecdb556c50c9e8de78 -> 
  custom:SearchIndexIgnoredProperties: e643bd26f0fe6173181afceb89e7c659 -> 
  custom:AudioImporter_EditorPlatform: d09bf68614088b80899f8185d706f6e7 -> 
  custom:video-encoder-webm-vp8: eb34c28f22e8b96e1ab97ce403110664 -> 
  custom:audio-decoder-ogg-vorbis: bf7c407c2cedff20999df2af8eb42d56 -> 
  custom:audio-encoder-webm-vorbis: bf7c407c2cedff20999df2af8eb42d56 -> 
  custom:scripting/monoscript/fileName/PlayerHealthTests.cs: f1ac4948c47993b994d4b084424988c1 -> 
========================================================================
Received Import Request.
  Time since last request: 932.809233 seconds.
  path: Assets/Pruebas/Tests 1/PlayerHealthTests.cs
  artifactKey: Guid(f53316ad02a3eea49b7b53779b46fb78) Importer(815301076,1909f56bfc062723c751e8b465ee728b)
Start importing Assets/Pruebas/Tests 1/PlayerHealthTests.cs using Guid(f53316ad02a3eea49b7b53779b46fb78) Importer(815301076,1909f56bfc062723c751e8b465ee728b) [PhysX] Initialized MultithreadedTaskDispatcher with 12 workers.
 -> (artifact id: '8767e2a3cd2eb4c97810aa61acc4c6e0') in 0.002112 seconds
Number of updated asset objects reloaded before import = 0
Number of asset objects unloaded after import = 0
========================================================================
Received Prepare
Assembly with name 'Tests1' already exists (Assets/Pruebas/Tests 1/Tests 1.asmdef)
Assembly with name 'Tests1' already exists (Assets/Scripts/EnemigoDron/Tests 1/Tests 1.asmdef)
Assembly with name 'Tests' already exists (Assets/Pruebas/Tests/Tests.asmdef)
Assembly with name 'Tests' already exists (Assets/Scripts/EnemigoDron/Tests/Tests.asmdef)
Caller must complete domain reload
Assembly with name 'Tests1' already exists (Assets/Pruebas/Tests 1/Tests 1.asmdef)
Assembly with name 'Tests1' already exists (Assets/Scripts/EnemigoDron/Tests 1/Tests 1.asmdef)
Assembly with name 'Tests' already exists (Assets/Pruebas/Tests/Tests.asmdef)
Assembly with name 'Tests' already exists (Assets/Scripts/EnemigoDron/Tests/Tests.asmdef)
Begin MonoManager ReloadAssembly
- Loaded All Assemblies, in  0.473 seconds
Native extension for WindowsStandalone target not found
Native extension for Android target not found
Native extension for WebGL target not found
Assembly with name 'Tests1' already exists (Assets/Pruebas/Tests 1/Tests 1.asmdef)
Assembly with name 'Tests1' already exists (Assets/Scripts/EnemigoDron/Tests 1/Tests 1.asmdef)
Assembly with name 'Tests' already exists (Assets/Pruebas/Tests/Tests.asmdef)
Assembly with name 'Tests' already exists (Assets/Scripts/EnemigoDron/Tests/Tests.asmdef)
Mono: successfully reloaded assembly
- Finished resetting the current domain, in  1.249 seconds
Domain Reload Profiling: 1721ms
	BeginReloadAssembly (104ms)
		ExecutionOrderSort (0ms)
		DisableScriptedObjects (3ms)
		BackupInstance (0ms)
		ReleaseScriptingObjects (0ms)
		CreateAndSetChildDomain (30ms)
	RebuildCommonClasses (20ms)
	RebuildNativeTypeToScriptingClass (7ms)
	initialDomainReloadingComplete (18ms)
	LoadAllAssembliesAndSetupDomain (322ms)
		LoadAssemblies (347ms)
		RebuildTransferFunctionScriptingTraits (0ms)
		AnalyzeDomain (23ms)
			TypeCache.Refresh (8ms)
				TypeCache.ScanAssembly (0ms)
			ScanForSourceGeneratedMonoScriptInfo (8ms)
			ResolveRequiredComponents (4ms)
	FinalizeReload (1249ms)
		ReleaseScriptCaches (0ms)
		RebuildScriptCaches (0ms)
		SetupLoadedEditorAssemblies (376ms)
			LogAssemblyErrors (0ms)
			InitializePlatformSupportModulesInManaged (11ms)
			SetLoadedEditorAssemblies (3ms)
			RefreshPlugins (0ms)
			BeforeProcessingInitializeOnLoad (50ms)
			ProcessInitializeOnLoadAttributes (296ms)
			ProcessInitializeOnLoadMethodAttributes (12ms)
			AfterProcessingInitializeOnLoad (3ms)
			EditorAssembliesLoaded (0ms)
		ExecutionOrderSort2 (0ms)
		AwakeInstancesAfterBackupRestoration (4ms)
Refreshing native plugins compatible for Editor in 2.82 ms, found 3 plugins.
Preloading 0 native plugins for Editor in 0.00 ms.
Unloading 3899 Unused Serialized files (Serialized files now loaded: 0)
Unloading 16 unused Assets / (110.0 KB). Loaded Objects now: 4565.
Memory consumption went from 145.9 MB to 145.8 MB.
Total: 3.173200 ms (FindLiveObjects: 0.266300 ms CreateObjectMapping: 0.093100 ms MarkObjects: 2.748400 ms  DeleteObjects: 0.064800 ms)

Prepare: number of updated asset objects reloaded= 0
AssetImportParameters requested are different than current active one (requested -> active):
  custom:scripting/monoscript/fileName/AttackSystem.cs: 4dd224366d6d2bf0b3eb61a87746d58b -> dd5b58e243460e97769b556093218842
  custom:container-demuxer-ogg: 62fdf1f143b41e24485cea50d1cbac27 -> 
  custom:video-codec-MediaFoundation-h265: 746d11721c4dcdbdad8f713fa42b33f4 -> 
  custom:video-decoder-ogg-theora: a1e56fd34408186e4bbccfd4996cb3dc -> 
  custom:framework-win-MediaFoundation: 216162199b28c13a410421893ffa2e32 -> 
  custom:scripting/monoscript/fileName/UIGame.cs: 4b9a2cc4a5706f216d9230cf04684b14 -> f98156acb6c9b62b4aff1540a104a198
  custom:scripting/monoscript/fileName/ContoladorVictoria.cs: 6e9d79769af1cbc05c81c1f34bfef4b1 -> 6da0a7b1007ca5a312a287392f4369b9
  custom:scripting/monoscript/fileName/GetDamageAndDie.cs: fbaf5a72092f265d7f0053b95228f284 -> afcdc4a96c6b9d065e9a875dcfd62aba
  custom:CustomObjectIndexerAttribute: 9a22284fe3817be447336de3de66b15e -> 
  custom:container-demuxer-webm: 4f35f7cbe854078d1ac9338744f61a02 -> 
  custom:container-muxer-webm: aa71ff27fc2769a1b78a27578f13a17b -> 
  custom:video-decoder-webm-vp8: 9c59270c3fd7afecdb556c50c9e8de78 -> 
  custom:scripting/monoscript/fileName/ControladorPantallaMuerte.cs: 2a47016a00a059b8bd2b5258d73fa50b -> 4f485aefde55c81c83888f08f6f419e6
  custom:scripting/monoscript/fileName/PantallaVictoria.cs: 45d025b7d42b63060f3f45bfa348c914 -> f97ee5a21b66394bafd30c368862f672
  custom:SearchIndexIgnoredProperties: e643bd26f0fe6173181afceb89e7c659 -> 
  custom:AudioImporter_EditorPlatform: d09bf68614088b80899f8185d706f6e7 -> 
  custom:scripting/monoscript/fileName/PlayerHealth.cs: bf586641a7364928427dcda47e95ab02 -> 49f415306e52895faa0b0a35d62e54a1
  custom:scripting/monoscript/fileName/MovementMainCharacter.cs: 8b7b2254b09259093977f480434151e9 -> 1a5db01e19f89a26ed7bc1eeb6c5c637
  custom:scripting/monoscript/fileName/MouseLook.cs: 400179e6373435a1db0012b3e558d044 -> 02bafd22af827e561c2131ae88bbd075
  custom:scripting/monoscript/fileName/Proyectil.cs: 09d2083d478999f3eda8dc0afc8a0565 -> b7c53721b84d8c3ac2fc196d65ff7cc4
  custom:video-encoder-webm-vp8: eb34c28f22e8b96e1ab97ce403110664 -> 
  custom:audio-decoder-ogg-vorbis: bf7c407c2cedff20999df2af8eb42d56 -> 
  custom:scripting/monoscript/fileName/EnemyMove.cs: 340d789142930787ba1b5af1a4e42f5d -> 0a33fdc3c6aeb686e38d4e7cb24ce84f
  custom:scripting/monoscript/fileName/UIInGame.cs: ea451540bf030e7e179f6da6ca92996f -> e8a1244111ee13bdef5a3d308c37bdd7
  custom:scripting/monoscript/fileName/EnemyCounter.cs: 3160fd62f88a9799067d06e3c2627f5d -> 2a94bf85e7c576f05eb5154ad36197b3
  custom:audio-encoder-webm-vorbis: bf7c407c2cedff20999df2af8eb42d56 -> 
  custom:scripting/monoscript/fileName/DroneAtaque.cs: 86365ffb7a3e48d06a3a8fa23e5578a3 -> 70c4dbe9cac6c9b02aa7bf450f00b264
  custom:scripting/monoscript/fileName/PlayerHealthTests.cs: f1ac4948c47993b994d4b084424988c1 -> 
  custom:scripting/precompiled-assembly-types:GameScripts: 4fb7036bdbe01320cac93e598393aa3b -> 
  custom:scripting/precompiled-assembly-types:Assembly-CSharp: 9f818c5ef09b87ccfd4df882abb39c56 -> 208e98eaf41e70cab978e23c588a5e97
========================================================================
Received Prepare
Assembly with name 'Tests1' already exists (Assets/Pruebas/Tests 1/Tests 1.asmdef)
Assembly with name 'Tests1' already exists (Assets/Scripts/EnemigoDron/Tests 1/Tests 1.asmdef)
Assembly with name 'Tests' already exists (Assets/Pruebas/Tests/Tests.asmdef)
Assembly with name 'Tests' already exists (Assets/Scripts/EnemigoDron/Tests/Tests.asmdef)
Caller must complete domain reload
Assembly with name 'Tests1' already exists (Assets/Pruebas/Tests 1/Tests 1.asmdef)
Assembly with name 'Tests1' already exists (Assets/Scripts/EnemigoDron/Tests 1/Tests 1.asmdef)
Assembly with name 'Tests' already exists (Assets/Pruebas/Tests/Tests.asmdef)
Assembly with name 'Tests' already exists (Assets/Scripts/EnemigoDron/Tests/Tests.asmdef)
Begin MonoManager ReloadAssembly
- Loaded All Assemblies, in  0.309 seconds
Native extension for WindowsStandalone target not found
Native extension for Android target not found
Native extension for WebGL target not found
Assembly with name 'Tests1' already exists (Assets/Pruebas/Tests 1/Tests 1.asmdef)
Assembly with name 'Tests1' already exists (Assets/Scripts/EnemigoDron/Tests 1/Tests 1.asmdef)
Assembly with name 'Tests' already exists (Assets/Pruebas/Tests/Tests.asmdef)
Assembly with name 'Tests' already exists (Assets/Scripts/EnemigoDron/Tests/Tests.asmdef)
Mono: successfully reloaded assembly
- Finished resetting the current domain, in  0.763 seconds
Domain Reload Profiling: 1071ms
	BeginReloadAssembly (110ms)
		ExecutionOrderSort (0ms)
		DisableScriptedObjects (3ms)
		BackupInstance (0ms)
		ReleaseScriptingObjects (0ms)
		CreateAndSetChildDomain (28ms)
	RebuildCommonClasses (21ms)
	RebuildNativeTypeToScriptingClass (7ms)
	initialDomainReloadingComplete (21ms)
	LoadAllAssembliesAndSetupDomain (149ms)
		LoadAssemblies (191ms)
		RebuildTransferFunctionScriptingTraits (0ms)
		AnalyzeDomain (11ms)
			TypeCache.Refresh (5ms)
				TypeCache.ScanAssembly (0ms)
			ScanForSourceGeneratedMonoScriptInfo (0ms)
			ResolveRequiredComponents (4ms)
	FinalizeReload (764ms)
		ReleaseScriptCaches (0ms)
		RebuildScriptCaches (0ms)
		SetupLoadedEditorAssemblies (411ms)
			LogAssemblyErrors (0ms)
			InitializePlatformSupportModulesInManaged (14ms)
			SetLoadedEditorAssemblies (2ms)
			RefreshPlugins (0ms)
			BeforeProcessingInitializeOnLoad (66ms)
			ProcessInitializeOnLoadAttributes (313ms)
			ProcessInitializeOnLoadMethodAttributes (12ms)
			AfterProcessingInitializeOnLoad (4ms)
			EditorAssembliesLoaded (0ms)
		ExecutionOrderSort2 (0ms)
		AwakeInstancesAfterBackupRestoration (4ms)
Refreshing native plugins compatible for Editor in 1.94 ms, found 3 plugins.
Preloading 0 native plugins for Editor in 0.00 ms.
Unloading 3900 Unused Serialized files (Serialized files now loaded: 0)
Unloading 15 unused Assets / (109.5 KB). Loaded Objects now: 4580.
Memory consumption went from 146.2 MB to 146.1 MB.
Total: 3.008200 ms (FindLiveObjects: 0.273300 ms CreateObjectMapping: 0.092000 ms MarkObjects: 2.593900 ms  DeleteObjects: 0.048300 ms)

Prepare: number of updated asset objects reloaded= 0
AssetImportParameters requested are different than current active one (requested -> active):
  custom:scripting/monoscript/fileName/AttackSystem.cs: 4dd224366d6d2bf0b3eb61a87746d58b -> dd5b58e243460e97769b556093218842
  custom:container-demuxer-ogg: 62fdf1f143b41e24485cea50d1cbac27 -> 
  custom:video-codec-MediaFoundation-h265: 746d11721c4dcdbdad8f713fa42b33f4 -> 
  custom:video-decoder-ogg-theora: a1e56fd34408186e4bbccfd4996cb3dc -> 
  custom:framework-win-MediaFoundation: 216162199b28c13a410421893ffa2e32 -> 
  custom:scripting/monoscript/fileName/UIGame.cs: 4b9a2cc4a5706f216d9230cf04684b14 -> f98156acb6c9b62b4aff1540a104a198
  custom:scripting/monoscript/fileName/ContoladorVictoria.cs: 6e9d79769af1cbc05c81c1f34bfef4b1 -> 6da0a7b1007ca5a312a287392f4369b9
  custom:scripting/monoscript/fileName/GetDamageAndDie.cs: fbaf5a72092f265d7f0053b95228f284 -> afcdc4a96c6b9d065e9a875dcfd62aba
  custom:CustomObjectIndexerAttribute: 9a22284fe3817be447336de3de66b15e -> 
  custom:container-demuxer-webm: 4f35f7cbe854078d1ac9338744f61a02 -> 
  custom:container-muxer-webm: aa71ff27fc2769a1b78a27578f13a17b -> 
  custom:video-decoder-webm-vp8: 9c59270c3fd7afecdb556c50c9e8de78 -> 
  custom:scripting/monoscript/fileName/ControladorPantallaMuerte.cs: 2a47016a00a059b8bd2b5258d73fa50b -> 4f485aefde55c81c83888f08f6f419e6
  custom:scripting/monoscript/fileName/PantallaVictoria.cs: 45d025b7d42b63060f3f45bfa348c914 -> f97ee5a21b66394bafd30c368862f672
  custom:SearchIndexIgnoredProperties: e643bd26f0fe6173181afceb89e7c659 -> 
  custom:AudioImporter_EditorPlatform: d09bf68614088b80899f8185d706f6e7 -> 
  custom:scripting/monoscript/fileName/PlayerHealth.cs: bf586641a7364928427dcda47e95ab02 -> 49f415306e52895faa0b0a35d62e54a1
  custom:scripting/monoscript/fileName/MovementMainCharacter.cs: 8b7b2254b09259093977f480434151e9 -> 1a5db01e19f89a26ed7bc1eeb6c5c637
  custom:scripting/monoscript/fileName/MouseLook.cs: 400179e6373435a1db0012b3e558d044 -> 02bafd22af827e561c2131ae88bbd075
  custom:scripting/monoscript/fileName/Proyectil.cs: 09d2083d478999f3eda8dc0afc8a0565 -> b7c53721b84d8c3ac2fc196d65ff7cc4
  custom:video-encoder-webm-vp8: eb34c28f22e8b96e1ab97ce403110664 -> 
  custom:audio-decoder-ogg-vorbis: bf7c407c2cedff20999df2af8eb42d56 -> 
  custom:scripting/monoscript/fileName/EnemyMove.cs: 340d789142930787ba1b5af1a4e42f5d -> 0a33fdc3c6aeb686e38d4e7cb24ce84f
  custom:scripting/monoscript/fileName/UIInGame.cs: ea451540bf030e7e179f6da6ca92996f -> e8a1244111ee13bdef5a3d308c37bdd7
  custom:scripting/monoscript/fileName/EnemyCounter.cs: 3160fd62f88a9799067d06e3c2627f5d -> 2a94bf85e7c576f05eb5154ad36197b3
  custom:audio-encoder-webm-vorbis: bf7c407c2cedff20999df2af8eb42d56 -> 
  custom:scripting/monoscript/fileName/DroneAtaque.cs: 86365ffb7a3e48d06a3a8fa23e5578a3 -> 70c4dbe9cac6c9b02aa7bf450f00b264
  custom:scripting/monoscript/fileName/PlayerHealthTests.cs: f1ac4948c47993b994d4b084424988c1 -> 
  custom:scripting/precompiled-assembly-types:GameScripts: 4fb7036bdbe01320cac93e598393aa3b -> 
  custom:scripting/precompiled-assembly-types:Assembly-CSharp: 9f818c5ef09b87ccfd4df882abb39c56 -> 208e98eaf41e70cab978e23c588a5e97
========================================================================
Received Prepare
Assembly with name 'Tests1' already exists (Assets/Pruebas/Tests 1/Tests 1.asmdef)
Assembly with name 'Tests1' already exists (Assets/Scripts/EnemigoDron/Tests 1/Tests 1.asmdef)
Assembly with name 'Tests' already exists (Assets/Pruebas/Tests/Tests.asmdef)
Assembly with name 'Tests' already exists (Assets/Scripts/EnemigoDron/Tests/Tests.asmdef)
Caller must complete domain reload
Assembly with name 'Tests1' already exists (Assets/Pruebas/Tests 1/Tests 1.asmdef)
Assembly with name 'Tests1' already exists (Assets/Scripts/EnemigoDron/Tests 1/Tests 1.asmdef)
Assembly with name 'Tests' already exists (Assets/Pruebas/Tests/Tests.asmdef)
Assembly with name 'Tests' already exists (Assets/Scripts/EnemigoDron/Tests/Tests.asmdef)
Begin MonoManager ReloadAssembly
- Loaded All Assemblies, in  0.313 seconds
Native extension for WindowsStandalone target not found
Native extension for Android target not found
Native extension for WebGL target not found
Assembly with name 'Tests1' already exists (Assets/Pruebas/Tests 1/Tests 1.asmdef)
Assembly with name 'Tests1' already exists (Assets/Scripts/EnemigoDron/Tests 1/Tests 1.asmdef)
Assembly with name 'Tests' already exists (Assets/Pruebas/Tests/Tests.asmdef)
Assembly with name 'Tests' already exists (Assets/Scripts/EnemigoDron/Tests/Tests.asmdef)
Mono: successfully reloaded assembly
- Finished resetting the current domain, in  0.750 seconds
Domain Reload Profiling: 1061ms
	BeginReloadAssembly (112ms)
		ExecutionOrderSort (0ms)
		DisableScriptedObjects (4ms)
		BackupInstance (0ms)
		ReleaseScriptingObjects (0ms)
		CreateAndSetChildDomain (33ms)
	RebuildCommonClasses (19ms)
	RebuildNativeTypeToScriptingClass (7ms)
	initialDomainReloadingComplete (19ms)
	LoadAllAssembliesAndSetupDomain (154ms)
		LoadAssemblies (183ms)
		RebuildTransferFunctionScriptingTraits (0ms)
		AnalyzeDomain (21ms)
			TypeCache.Refresh (7ms)
				TypeCache.ScanAssembly (0ms)
			ScanForSourceGeneratedMonoScriptInfo (8ms)
			ResolveRequiredComponents (4ms)
	FinalizeReload (751ms)
		ReleaseScriptCaches (0ms)
		RebuildScriptCaches (0ms)
		SetupLoadedEditorAssemblies (410ms)
			LogAssemblyErrors (0ms)
			InitializePlatformSupportModulesInManaged (12ms)
			SetLoadedEditorAssemblies (2ms)
			RefreshPlugins (0ms)
			BeforeProcessingInitializeOnLoad (60ms)
			ProcessInitializeOnLoadAttributes (318ms)
			ProcessInitializeOnLoadMethodAttributes (14ms)
			AfterProcessingInitializeOnLoad (4ms)
			EditorAssembliesLoaded (0ms)
		ExecutionOrderSort2 (0ms)
		AwakeInstancesAfterBackupRestoration (4ms)
Refreshing native plugins compatible for Editor in 2.50 ms, found 3 plugins.
Preloading 0 native plugins for Editor in 0.00 ms.
Unloading 3901 Unused Serialized files (Serialized files now loaded: 0)
Unloading 15 unused Assets / (109.5 KB). Loaded Objects now: 4596.
Memory consumption went from 146.2 MB to 146.1 MB.
Total: 3.301200 ms (FindLiveObjects: 0.277200 ms CreateObjectMapping: 0.095200 ms MarkObjects: 2.871900 ms  DeleteObjects: 0.056400 ms)

Prepare: number of updated asset objects reloaded= 0
AssetImportParameters requested are different than current active one (requested -> active):
  custom:scripting/monoscript/fileName/AttackSystem.cs: 4dd224366d6d2bf0b3eb61a87746d58b -> dd5b58e243460e97769b556093218842
  custom:container-demuxer-ogg: 62fdf1f143b41e24485cea50d1cbac27 -> 
  custom:video-codec-MediaFoundation-h265: 746d11721c4dcdbdad8f713fa42b33f4 -> 
  custom:video-decoder-ogg-theora: a1e56fd34408186e4bbccfd4996cb3dc -> 
  custom:framework-win-MediaFoundation: 216162199b28c13a410421893ffa2e32 -> 
  custom:scripting/monoscript/fileName/UIGame.cs: 4b9a2cc4a5706f216d9230cf04684b14 -> f98156acb6c9b62b4aff1540a104a198
  custom:scripting/monoscript/fileName/ContoladorVictoria.cs: 6e9d79769af1cbc05c81c1f34bfef4b1 -> 6da0a7b1007ca5a312a287392f4369b9
  custom:scripting/monoscript/fileName/GetDamageAndDie.cs: fbaf5a72092f265d7f0053b95228f284 -> afcdc4a96c6b9d065e9a875dcfd62aba
  custom:CustomObjectIndexerAttribute: 9a22284fe3817be447336de3de66b15e -> 
  custom:container-demuxer-webm: 4f35f7cbe854078d1ac9338744f61a02 -> 
  custom:container-muxer-webm: aa71ff27fc2769a1b78a27578f13a17b -> 
  custom:video-decoder-webm-vp8: 9c59270c3fd7afecdb556c50c9e8de78 -> 
  custom:scripting/monoscript/fileName/ControladorPantallaMuerte.cs: 2a47016a00a059b8bd2b5258d73fa50b -> 4f485aefde55c81c83888f08f6f419e6
  custom:scripting/monoscript/fileName/PantallaVictoria.cs: 45d025b7d42b63060f3f45bfa348c914 -> f97ee5a21b66394bafd30c368862f672
  custom:SearchIndexIgnoredProperties: e643bd26f0fe6173181afceb89e7c659 -> 
  custom:AudioImporter_EditorPlatform: d09bf68614088b80899f8185d706f6e7 -> 
  custom:scripting/monoscript/fileName/PlayerHealth.cs: bf586641a7364928427dcda47e95ab02 -> 49f415306e52895faa0b0a35d62e54a1
  custom:scripting/monoscript/fileName/MovementMainCharacter.cs: 8b7b2254b09259093977f480434151e9 -> 1a5db01e19f89a26ed7bc1eeb6c5c637
  custom:scripting/monoscript/fileName/MouseLook.cs: 400179e6373435a1db0012b3e558d044 -> 02bafd22af827e561c2131ae88bbd075
  custom:scripting/monoscript/fileName/Proyectil.cs: 09d2083d478999f3eda8dc0afc8a0565 -> b7c53721b84d8c3ac2fc196d65ff7cc4
  custom:scripting/precompiled-assembly-types:PlayMode: 4f145f65e9f825d84fe31e87a06818d5 -> 
  custom:video-encoder-webm-vp8: eb34c28f22e8b96e1ab97ce403110664 -> 
  custom:audio-decoder-ogg-vorbis: bf7c407c2cedff20999df2af8eb42d56 -> 
  custom:scripting/monoscript/fileName/EnemyMove.cs: 340d789142930787ba1b5af1a4e42f5d -> 0a33fdc3c6aeb686e38d4e7cb24ce84f
  custom:scripting/monoscript/fileName/UIInGame.cs: ea451540bf030e7e179f6da6ca92996f -> e8a1244111ee13bdef5a3d308c37bdd7
  custom:scripting/monoscript/fileName/EnemyCounter.cs: 3160fd62f88a9799067d06e3c2627f5d -> 2a94bf85e7c576f05eb5154ad36197b3
  custom:audio-encoder-webm-vorbis: bf7c407c2cedff20999df2af8eb42d56 -> 
  custom:scripting/monoscript/fileName/DroneAtaque.cs: 86365ffb7a3e48d06a3a8fa23e5578a3 -> 70c4dbe9cac6c9b02aa7bf450f00b264
  custom:scripting/monoscript/fileName/PlayerHealthTests.cs: c2d97ca87dcd91f96191729e9990d0cf -> 
  custom:scripting/precompiled-assembly-types:GameScripts: 4fb7036bdbe01320cac93e598393aa3b -> 
  custom:scripting/precompiled-assembly-types:Assembly-CSharp: 9f818c5ef09b87ccfd4df882abb39c56 -> 208e98eaf41e70cab978e23c588a5e97
========================================================================
Received Prepare
Assembly with name 'Tests1' already exists (Assets/Pruebas/Tests 1/Tests 1.asmdef)
Assembly with name 'Tests1' already exists (Assets/Scripts/EnemigoDron/Tests 1/Tests 1.asmdef)
Assembly with name 'Tests' already exists (Assets/Pruebas/Tests/Tests.asmdef)
Assembly with name 'Tests' already exists (Assets/Scripts/EnemigoDron/Tests/Tests.asmdef)
Caller must complete domain reload
Assembly with name 'Tests1' already exists (Assets/Pruebas/Tests 1/Tests 1.asmdef)
Assembly with name 'Tests1' already exists (Assets/Scripts/EnemigoDron/Tests 1/Tests 1.asmdef)
Assembly with name 'Tests' already exists (Assets/Pruebas/Tests/Tests.asmdef)
Assembly with name 'Tests' already exists (Assets/Scripts/EnemigoDron/Tests/Tests.asmdef)
Begin MonoManager ReloadAssembly
- Loaded All Assemblies, in  0.300 seconds
Native extension for WindowsStandalone target not found
Native extension for Android target not found
Native extension for WebGL target not found
Assembly with name 'Tests1' already exists (Assets/Pruebas/Tests 1/Tests 1.asmdef)
Assembly with name 'Tests1' already exists (Assets/Scripts/EnemigoDron/Tests 1/Tests 1.asmdef)
Assembly with name 'Tests' already exists (Assets/Pruebas/Tests/Tests.asmdef)
Assembly with name 'Tests' already exists (Assets/Scripts/EnemigoDron/Tests/Tests.asmdef)
Mono: successfully reloaded assembly
- Finished resetting the current domain, in  0.780 seconds
Domain Reload Profiling: 1079ms
	BeginReloadAssembly (109ms)
		ExecutionOrderSort (0ms)
		DisableScriptedObjects (3ms)
		BackupInstance (0ms)
		ReleaseScriptingObjects (0ms)
		CreateAndSetChildDomain (28ms)
	RebuildCommonClasses (22ms)
	RebuildNativeTypeToScriptingClass (7ms)
	initialDomainReloadingComplete (18ms)
	LoadAllAssembliesAndSetupDomain (142ms)
		LoadAssemblies (185ms)
		RebuildTransferFunctionScriptingTraits (0ms)
		AnalyzeDomain (11ms)
			TypeCache.Refresh (5ms)
				TypeCache.ScanAssembly (0ms)
			ScanForSourceGeneratedMonoScriptInfo (0ms)
			ResolveRequiredComponents (4ms)
	FinalizeReload (780ms)
		ReleaseScriptCaches (0ms)
		RebuildScriptCaches (0ms)
		SetupLoadedEditorAssemblies (411ms)
			LogAssemblyErrors (0ms)
			InitializePlatformSupportModulesInManaged (14ms)
			SetLoadedEditorAssemblies (2ms)
			RefreshPlugins (0ms)
			BeforeProcessingInitializeOnLoad (61ms)
			ProcessInitializeOnLoadAttributes (315ms)
			ProcessInitializeOnLoadMethodAttributes (13ms)
			AfterProcessingInitializeOnLoad (5ms)
			EditorAssembliesLoaded (0ms)
		ExecutionOrderSort2 (0ms)
		AwakeInstancesAfterBackupRestoration (4ms)
Refreshing native plugins compatible for Editor in 2.18 ms, found 3 plugins.
Preloading 0 native plugins for Editor in 0.00 ms.
Unloading 3901 Unused Serialized files (Serialized files now loaded: 0)
Unloading 15 unused Assets / (109.6 KB). Loaded Objects now: 4611.
Memory consumption went from 146.2 MB to 146.1 MB.
Total: 3.139800 ms (FindLiveObjects: 0.277200 ms CreateObjectMapping: 0.099600 ms MarkObjects: 2.704700 ms  DeleteObjects: 0.057300 ms)

Prepare: number of updated asset objects reloaded= 0
AssetImportParameters requested are different than current active one (requested -> active):
  custom:scripting/monoscript/fileName/AttackSystem.cs: 4dd224366d6d2bf0b3eb61a87746d58b -> dd5b58e243460e97769b556093218842
  custom:container-demuxer-ogg: 62fdf1f143b41e24485cea50d1cbac27 -> 
  custom:video-codec-MediaFoundation-h265: 746d11721c4dcdbdad8f713fa42b33f4 -> 
  custom:video-decoder-ogg-theora: a1e56fd34408186e4bbccfd4996cb3dc -> 
  custom:framework-win-MediaFoundation: 216162199b28c13a410421893ffa2e32 -> 
  custom:scripting/monoscript/fileName/UIGame.cs: 4b9a2cc4a5706f216d9230cf04684b14 -> f98156acb6c9b62b4aff1540a104a198
  custom:scripting/monoscript/fileName/ContoladorVictoria.cs: 6e9d79769af1cbc05c81c1f34bfef4b1 -> 6da0a7b1007ca5a312a287392f4369b9
  custom:scripting/monoscript/fileName/GetDamageAndDie.cs: fbaf5a72092f265d7f0053b95228f284 -> afcdc4a96c6b9d065e9a875dcfd62aba
  custom:CustomObjectIndexerAttribute: 9a22284fe3817be447336de3de66b15e -> 
  custom:container-demuxer-webm: 4f35f7cbe854078d1ac9338744f61a02 -> 
  custom:container-muxer-webm: aa71ff27fc2769a1b78a27578f13a17b -> 
  custom:video-decoder-webm-vp8: 9c59270c3fd7afecdb556c50c9e8de78 -> 
  custom:scripting/monoscript/fileName/ControladorPantallaMuerte.cs: 2a47016a00a059b8bd2b5258d73fa50b -> 4f485aefde55c81c83888f08f6f419e6
  custom:scripting/monoscript/fileName/PantallaVictoria.cs: 45d025b7d42b63060f3f45bfa348c914 -> f97ee5a21b66394bafd30c368862f672
  custom:SearchIndexIgnoredProperties: e643bd26f0fe6173181afceb89e7c659 -> 
  custom:AudioImporter_EditorPlatform: d09bf68614088b80899f8185d706f6e7 -> 
  custom:scripting/monoscript/fileName/PlayerHealth.cs: bf586641a7364928427dcda47e95ab02 -> 49f415306e52895faa0b0a35d62e54a1
  custom:scripting/monoscript/fileName/MovementMainCharacter.cs: 8b7b2254b09259093977f480434151e9 -> 1a5db01e19f89a26ed7bc1eeb6c5c637
  custom:scripting/monoscript/fileName/MouseLook.cs: 400179e6373435a1db0012b3e558d044 -> 02bafd22af827e561c2131ae88bbd075
  custom:scripting/monoscript/fileName/Proyectil.cs: 09d2083d478999f3eda8dc0afc8a0565 -> b7c53721b84d8c3ac2fc196d65ff7cc4
  custom:scripting/precompiled-assembly-types:PlayMode: 4f145f65e9f825d84fe31e87a06818d5 -> 
  custom:video-encoder-webm-vp8: eb34c28f22e8b96e1ab97ce403110664 -> 
  custom:audio-decoder-ogg-vorbis: bf7c407c2cedff20999df2af8eb42d56 -> 
  custom:scripting/monoscript/fileName/EnemyMove.cs: 340d789142930787ba1b5af1a4e42f5d -> 0a33fdc3c6aeb686e38d4e7cb24ce84f
  custom:scripting/monoscript/fileName/UIInGame.cs: ea451540bf030e7e179f6da6ca92996f -> e8a1244111ee13bdef5a3d308c37bdd7
  custom:scripting/monoscript/fileName/EnemyCounter.cs: 3160fd62f88a9799067d06e3c2627f5d -> 2a94bf85e7c576f05eb5154ad36197b3
  custom:audio-encoder-webm-vorbis: bf7c407c2cedff20999df2af8eb42d56 -> 
  custom:scripting/monoscript/fileName/DroneAtaque.cs: 86365ffb7a3e48d06a3a8fa23e5578a3 -> 70c4dbe9cac6c9b02aa7bf450f00b264
  custom:scripting/monoscript/fileName/PlayerHealthTests.cs: c2d97ca87dcd91f96191729e9990d0cf -> 
  custom:scripting/precompiled-assembly-types:GameScripts: 4fb7036bdbe01320cac93e598393aa3b -> 
  custom:scripting/precompiled-assembly-types:Assembly-CSharp: 9f818c5ef09b87ccfd4df882abb39c56 -> 208e98eaf41e70cab978e23c588a5e97
========================================================================
Received Prepare
Assembly with name 'Tests1' already exists (Assets/Pruebas/Tests 1/Tests 1.asmdef)
Assembly with name 'Tests1' already exists (Assets/Scripts/EnemigoDron/Tests 1/Tests 1.asmdef)
Assembly with name 'Tests' already exists (Assets/Pruebas/Tests/Tests.asmdef)
Assembly with name 'Tests' already exists (Assets/Scripts/EnemigoDron/Tests/Tests.asmdef)
Caller must complete domain reload
Assembly with name 'Tests1' already exists (Assets/Pruebas/Tests 1/Tests 1.asmdef)
Assembly with name 'Tests1' already exists (Assets/Scripts/EnemigoDron/Tests 1/Tests 1.asmdef)
Assembly with name 'Tests' already exists (Assets/Pruebas/Tests/Tests.asmdef)
Assembly with name 'Tests' already exists (Assets/Scripts/EnemigoDron/Tests/Tests.asmdef)
Begin MonoManager ReloadAssembly
- Loaded All Assemblies, in  0.438 seconds
Native extension for WindowsStandalone target not found
Native extension for Android target not found
Native extension for WebGL target not found
Assembly with name 'Tests1' already exists (Assets/Pruebas/Tests 1/Tests 1.asmdef)
Assembly with name 'Tests1' already exists (Assets/Scripts/EnemigoDron/Tests 1/Tests 1.asmdef)
Assembly with name 'Tests' already exists (Assets/Pruebas/Tests/Tests.asmdef)
Assembly with name 'Tests' already exists (Assets/Scripts/EnemigoDron/Tests/Tests.asmdef)
Mono: successfully reloaded assembly
- Finished resetting the current domain, in  0.973 seconds
Domain Reload Profiling: 1410ms
	BeginReloadAssembly (162ms)
		ExecutionOrderSort (0ms)
		DisableScriptedObjects (6ms)
		BackupInstance (0ms)
		ReleaseScriptingObjects (0ms)
		CreateAndSetChildDomain (50ms)
	RebuildCommonClasses (25ms)
	RebuildNativeTypeToScriptingClass (7ms)
	initialDomainReloadingComplete (23ms)
	LoadAllAssembliesAndSetupDomain (220ms)
		LoadAssemblies (278ms)
		RebuildTransferFunctionScriptingTraits (0ms)
		AnalyzeDomain (11ms)
			TypeCache.Refresh (4ms)
				TypeCache.ScanAssembly (0ms)
			ScanForSourceGeneratedMonoScriptInfo (0ms)
			ResolveRequiredComponents (5ms)
	FinalizeReload (973ms)
		ReleaseScriptCaches (0ms)
		RebuildScriptCaches (0ms)
		SetupLoadedEditorAssemblies (475ms)
			LogAssemblyErrors (0ms)
			InitializePlatformSupportModulesInManaged (15ms)
			SetLoadedEditorAssemblies (3ms)
			RefreshPlugins (0ms)
			BeforeProcessingInitializeOnLoad (66ms)
			ProcessInitializeOnLoadAttributes (372ms)
			ProcessInitializeOnLoadMethodAttributes (14ms)
			AfterProcessingInitializeOnLoad (4ms)
			EditorAssembliesLoaded (0ms)
		ExecutionOrderSort2 (0ms)
		AwakeInstancesAfterBackupRestoration (4ms)
Refreshing native plugins compatible for Editor in 2.64 ms, found 3 plugins.
Preloading 0 native plugins for Editor in 0.00 ms.
Unloading 3901 Unused Serialized files (Serialized files now loaded: 0)
Unloading 15 unused Assets / (109.6 KB). Loaded Objects now: 4626.
Memory consumption went from 146.2 MB to 146.1 MB.
Total: 3.909600 ms (FindLiveObjects: 0.307500 ms CreateObjectMapping: 0.099600 ms MarkObjects: 3.448200 ms  DeleteObjects: 0.053500 ms)

Prepare: number of updated asset objects reloaded= 0
AssetImportParameters requested are different than current active one (requested -> active):
  custom:scripting/monoscript/fileName/AttackSystem.cs: 4dd224366d6d2bf0b3eb61a87746d58b -> dd5b58e243460e97769b556093218842
  custom:container-demuxer-ogg: 62fdf1f143b41e24485cea50d1cbac27 -> 
  custom:video-codec-MediaFoundation-h265: 746d11721c4dcdbdad8f713fa42b33f4 -> 
  custom:video-decoder-ogg-theora: a1e56fd34408186e4bbccfd4996cb3dc -> 
  custom:framework-win-MediaFoundation: 216162199b28c13a410421893ffa2e32 -> 
  custom:scripting/monoscript/fileName/UIGame.cs: 4b9a2cc4a5706f216d9230cf04684b14 -> f98156acb6c9b62b4aff1540a104a198
  custom:scripting/monoscript/fileName/ContoladorVictoria.cs: 6e9d79769af1cbc05c81c1f34bfef4b1 -> 6da0a7b1007ca5a312a287392f4369b9
  custom:scripting/monoscript/fileName/GetDamageAndDie.cs: fbaf5a72092f265d7f0053b95228f284 -> afcdc4a96c6b9d065e9a875dcfd62aba
  custom:CustomObjectIndexerAttribute: 9a22284fe3817be447336de3de66b15e -> 
  custom:container-demuxer-webm: 4f35f7cbe854078d1ac9338744f61a02 -> 
  custom:container-muxer-webm: aa71ff27fc2769a1b78a27578f13a17b -> 
  custom:video-decoder-webm-vp8: 9c59270c3fd7afecdb556c50c9e8de78 -> 
  custom:scripting/monoscript/fileName/ControladorPantallaMuerte.cs: 2a47016a00a059b8bd2b5258d73fa50b -> 4f485aefde55c81c83888f08f6f419e6
  custom:scripting/monoscript/fileName/PantallaVictoria.cs: 45d025b7d42b63060f3f45bfa348c914 -> f97ee5a21b66394bafd30c368862f672
  custom:SearchIndexIgnoredProperties: e643bd26f0fe6173181afceb89e7c659 -> 
  custom:AudioImporter_EditorPlatform: d09bf68614088b80899f8185d706f6e7 -> 
  custom:scripting/monoscript/fileName/PlayerHealth.cs: bf586641a7364928427dcda47e95ab02 -> 49f415306e52895faa0b0a35d62e54a1
  custom:scripting/monoscript/fileName/MovementMainCharacter.cs: 8b7b2254b09259093977f480434151e9 -> 1a5db01e19f89a26ed7bc1eeb6c5c637
  custom:scripting/monoscript/fileName/MouseLook.cs: 400179e6373435a1db0012b3e558d044 -> 02bafd22af827e561c2131ae88bbd075
  custom:scripting/monoscript/fileName/Proyectil.cs: 09d2083d478999f3eda8dc0afc8a0565 -> b7c53721b84d8c3ac2fc196d65ff7cc4
  custom:scripting/precompiled-assembly-types:PlayMode: 4f145f65e9f825d84fe31e87a06818d5 -> 
  custom:video-encoder-webm-vp8: eb34c28f22e8b96e1ab97ce403110664 -> 
  custom:audio-decoder-ogg-vorbis: bf7c407c2cedff20999df2af8eb42d56 -> 
  custom:scripting/monoscript/fileName/EnemyMove.cs: 340d789142930787ba1b5af1a4e42f5d -> 0a33fdc3c6aeb686e38d4e7cb24ce84f
  custom:scripting/monoscript/fileName/UIInGame.cs: ea451540bf030e7e179f6da6ca92996f -> e8a1244111ee13bdef5a3d308c37bdd7
  custom:scripting/monoscript/fileName/EnemyCounter.cs: 3160fd62f88a9799067d06e3c2627f5d -> 2a94bf85e7c576f05eb5154ad36197b3
  custom:audio-encoder-webm-vorbis: bf7c407c2cedff20999df2af8eb42d56 -> 
  custom:scripting/monoscript/fileName/DroneAtaque.cs: 86365ffb7a3e48d06a3a8fa23e5578a3 -> 70c4dbe9cac6c9b02aa7bf450f00b264
  custom:scripting/monoscript/fileName/PlayerHealthTests.cs: c2d97ca87dcd91f96191729e9990d0cf -> 
  custom:scripting/precompiled-assembly-types:GameScripts: 4fb7036bdbe01320cac93e598393aa3b -> 
  custom:scripting/precompiled-assembly-types:Assembly-CSharp: 9f818c5ef09b87ccfd4df882abb39c56 -> 208e98eaf41e70cab978e23c588a5e97
========================================================================
Received Prepare
Assembly with name 'Tests1' already exists (Assets/Pruebas/Tests 1/Tests 1.asmdef)
Assembly with name 'Tests1' already exists (Assets/Scripts/EnemigoDron/Tests 1/Tests 1.asmdef)
Assembly with name 'Tests' already exists (Assets/Pruebas/Tests/Tests.asmdef)
Assembly with name 'Tests' already exists (Assets/Scripts/EnemigoDron/Tests/Tests.asmdef)
Caller must complete domain reload
Assembly with name 'Tests1' already exists (Assets/Pruebas/Tests 1/Tests 1.asmdef)
Assembly with name 'Tests1' already exists (Assets/Scripts/EnemigoDron/Tests 1/Tests 1.asmdef)
Assembly with name 'Tests' already exists (Assets/Pruebas/Tests/Tests.asmdef)
Assembly with name 'Tests' already exists (Assets/Scripts/EnemigoDron/Tests/Tests.asmdef)
Begin MonoManager ReloadAssembly
- Loaded All Assemblies, in  0.303 seconds
Native extension for WindowsStandalone target not found
Native extension for Android target not found
Native extension for WebGL target not found
Assembly with name 'Tests1' already exists (Assets/Pruebas/Tests 1/Tests 1.asmdef)
Assembly with name 'Tests1' already exists (Assets/Scripts/EnemigoDron/Tests 1/Tests 1.asmdef)
Assembly with name 'Tests' already exists (Assets/Pruebas/Tests/Tests.asmdef)
Assembly with name 'Tests' already exists (Assets/Scripts/EnemigoDron/Tests/Tests.asmdef)
Mono: successfully reloaded assembly
- Finished resetting the current domain, in  0.836 seconds
Domain Reload Profiling: 1138ms
	BeginReloadAssembly (111ms)
		ExecutionOrderSort (0ms)
		DisableScriptedObjects (3ms)
		BackupInstance (0ms)
		ReleaseScriptingObjects (0ms)
		CreateAndSetChildDomain (28ms)
	RebuildCommonClasses (19ms)
	RebuildNativeTypeToScriptingClass (7ms)
	initialDomainReloadingComplete (18ms)
	LoadAllAssembliesAndSetupDomain (148ms)
		LoadAssemblies (189ms)
		RebuildTransferFunctionScriptingTraits (0ms)
		AnalyzeDomain (14ms)
			TypeCache.Refresh (5ms)
				TypeCache.ScanAssembly (0ms)
			ScanForSourceGeneratedMonoScriptInfo (0ms)
			ResolveRequiredComponents (6ms)
	FinalizeReload (836ms)
		ReleaseScriptCaches (0ms)
		RebuildScriptCaches (0ms)
		SetupLoadedEditorAssemblies (468ms)
			LogAssemblyErrors (0ms)
			InitializePlatformSupportModulesInManaged (14ms)
			SetLoadedEditorAssemblies (2ms)
			RefreshPlugins (0ms)
			BeforeProcessingInitializeOnLoad (67ms)
			ProcessInitializeOnLoadAttributes (364ms)
			ProcessInitializeOnLoadMethodAttributes (16ms)
			AfterProcessingInitializeOnLoad (4ms)
			EditorAssembliesLoaded (0ms)
		ExecutionOrderSort2 (0ms)
		AwakeInstancesAfterBackupRestoration (4ms)
Refreshing native plugins compatible for Editor in 2.84 ms, found 3 plugins.
Preloading 0 native plugins for Editor in 0.00 ms.
Unloading 3901 Unused Serialized files (Serialized files now loaded: 0)
Unloading 15 unused Assets / (109.6 KB). Loaded Objects now: 4641.
Memory consumption went from 146.3 MB to 146.2 MB.
Total: 5.036700 ms (FindLiveObjects: 0.598000 ms CreateObjectMapping: 0.283300 ms MarkObjects: 4.079300 ms  DeleteObjects: 0.075300 ms)

Prepare: number of updated asset objects reloaded= 0
AssetImportParameters requested are different than current active one (requested -> active):
  custom:scripting/monoscript/fileName/AttackSystem.cs: 4dd224366d6d2bf0b3eb61a87746d58b -> dd5b58e243460e97769b556093218842
  custom:container-demuxer-ogg: 62fdf1f143b41e24485cea50d1cbac27 -> 
  custom:video-codec-MediaFoundation-h265: 746d11721c4dcdbdad8f713fa42b33f4 -> 
  custom:video-decoder-ogg-theora: a1e56fd34408186e4bbccfd4996cb3dc -> 
  custom:framework-win-MediaFoundation: 216162199b28c13a410421893ffa2e32 -> 
  custom:scripting/monoscript/fileName/UIGame.cs: 4b9a2cc4a5706f216d9230cf04684b14 -> f98156acb6c9b62b4aff1540a104a198
  custom:scripting/monoscript/fileName/ContoladorVictoria.cs: 6e9d79769af1cbc05c81c1f34bfef4b1 -> 6da0a7b1007ca5a312a287392f4369b9
  custom:scripting/monoscript/fileName/GetDamageAndDie.cs: fbaf5a72092f265d7f0053b95228f284 -> afcdc4a96c6b9d065e9a875dcfd62aba
  custom:CustomObjectIndexerAttribute: 9a22284fe3817be447336de3de66b15e -> 
  custom:container-demuxer-webm: 4f35f7cbe854078d1ac9338744f61a02 -> 
  custom:container-muxer-webm: aa71ff27fc2769a1b78a27578f13a17b -> 
  custom:video-decoder-webm-vp8: 9c59270c3fd7afecdb556c50c9e8de78 -> 
  custom:scripting/monoscript/fileName/ControladorPantallaMuerte.cs: 2a47016a00a059b8bd2b5258d73fa50b -> 4f485aefde55c81c83888f08f6f419e6
  custom:scripting/monoscript/fileName/PantallaVictoria.cs: 45d025b7d42b63060f3f45bfa348c914 -> f97ee5a21b66394bafd30c368862f672
  custom:SearchIndexIgnoredProperties: e643bd26f0fe6173181afceb89e7c659 -> 
  custom:AudioImporter_EditorPlatform: d09bf68614088b80899f8185d706f6e7 -> 
  custom:scripting/monoscript/fileName/PlayerHealth.cs: bf586641a7364928427dcda47e95ab02 -> 49f415306e52895faa0b0a35d62e54a1
  custom:scripting/monoscript/fileName/MovementMainCharacter.cs: 8b7b2254b09259093977f480434151e9 -> 1a5db01e19f89a26ed7bc1eeb6c5c637
  custom:scripting/monoscript/fileName/MouseLook.cs: 400179e6373435a1db0012b3e558d044 -> 02bafd22af827e561c2131ae88bbd075
  custom:scripting/monoscript/fileName/Proyectil.cs: 09d2083d478999f3eda8dc0afc8a0565 -> b7c53721b84d8c3ac2fc196d65ff7cc4
  custom:scripting/precompiled-assembly-types:PlayMode: 4f145f65e9f825d84fe31e87a06818d5 -> 
  custom:video-encoder-webm-vp8: eb34c28f22e8b96e1ab97ce403110664 -> 
  custom:audio-decoder-ogg-vorbis: bf7c407c2cedff20999df2af8eb42d56 -> 
  custom:scripting/monoscript/fileName/EnemyMove.cs: 340d789142930787ba1b5af1a4e42f5d -> 0a33fdc3c6aeb686e38d4e7cb24ce84f
  custom:scripting/monoscript/fileName/UIInGame.cs: ea451540bf030e7e179f6da6ca92996f -> e8a1244111ee13bdef5a3d308c37bdd7
  custom:scripting/monoscript/fileName/EnemyCounter.cs: 3160fd62f88a9799067d06e3c2627f5d -> 2a94bf85e7c576f05eb5154ad36197b3
  custom:audio-encoder-webm-vorbis: bf7c407c2cedff20999df2af8eb42d56 -> 
  custom:scripting/monoscript/fileName/DroneAtaque.cs: 86365ffb7a3e48d06a3a8fa23e5578a3 -> 70c4dbe9cac6c9b02aa7bf450f00b264
  custom:scripting/monoscript/fileName/PlayerHealthTests.cs: c2d97ca87dcd91f96191729e9990d0cf -> 
  custom:scripting/precompiled-assembly-types:GameScripts: 4fb7036bdbe01320cac93e598393aa3b -> 
  custom:scripting/precompiled-assembly-types:Assembly-CSharp: 9f818c5ef09b87ccfd4df882abb39c56 -> 208e98eaf41e70cab978e23c588a5e97
========================================================================
Received Prepare
Assembly with name 'Tests1' already exists (Assets/Pruebas/Tests 1/Tests 1.asmdef)
Assembly with name 'Tests1' already exists (Assets/Scripts/EnemigoDron/Tests 1/Tests 1.asmdef)
Assembly with name 'Tests' already exists (Assets/Pruebas/Tests/Tests.asmdef)
Assembly with name 'Tests' already exists (Assets/Scripts/EnemigoDron/Tests/Tests.asmdef)
Caller must complete domain reload
Assembly with name 'Tests1' already exists (Assets/Pruebas/Tests 1/Tests 1.asmdef)
Assembly with name 'Tests1' already exists (Assets/Scripts/EnemigoDron/Tests 1/Tests 1.asmdef)
Assembly with name 'Tests' already exists (Assets/Pruebas/Tests/Tests.asmdef)
Assembly with name 'Tests' already exists (Assets/Scripts/EnemigoDron/Tests/Tests.asmdef)
Begin MonoManager ReloadAssembly
- Loaded All Assemblies, in  0.301 seconds
Native extension for WindowsStandalone target not found
Native extension for Android target not found
Native extension for WebGL target not found
Assembly with name 'Tests1' already exists (Assets/Pruebas/Tests 1/Tests 1.asmdef)
Assembly with name 'Tests1' already exists (Assets/Scripts/EnemigoDron/Tests 1/Tests 1.asmdef)
Assembly with name 'Tests' already exists (Assets/Pruebas/Tests/Tests.asmdef)
Assembly with name 'Tests' already exists (Assets/Scripts/EnemigoDron/Tests/Tests.asmdef)
Mono: successfully reloaded assembly
- Finished resetting the current domain, in  0.798 seconds
Domain Reload Profiling: 1098ms
	BeginReloadAssembly (103ms)
		ExecutionOrderSort (0ms)
		DisableScriptedObjects (3ms)
		BackupInstance (0ms)
		ReleaseScriptingObjects (0ms)
		CreateAndSetChildDomain (27ms)
	RebuildCommonClasses (19ms)
	RebuildNativeTypeToScriptingClass (7ms)
	initialDomainReloadingComplete (18ms)
	LoadAllAssembliesAndSetupDomain (152ms)
		LoadAssemblies (190ms)
		RebuildTransferFunctionScriptingTraits (0ms)
		AnalyzeDomain (11ms)
			TypeCache.Refresh (5ms)
				TypeCache.ScanAssembly (0ms)
			ScanForSourceGeneratedMonoScriptInfo (0ms)
			ResolveRequiredComponents (4ms)
	FinalizeReload (799ms)
		ReleaseScriptCaches (0ms)
		RebuildScriptCaches (0ms)
		SetupLoadedEditorAssemblies (454ms)
			LogAssemblyErrors (0ms)
			InitializePlatformSupportModulesInManaged (14ms)
			SetLoadedEditorAssemblies (2ms)
			RefreshPlugins (0ms)
			BeforeProcessingInitializeOnLoad (65ms)
			ProcessInitializeOnLoadAttributes (353ms)
			ProcessInitializeOnLoadMethodAttributes (15ms)
			AfterProcessingInitializeOnLoad (5ms)
			EditorAssembliesLoaded (0ms)
		ExecutionOrderSort2 (0ms)
		AwakeInstancesAfterBackupRestoration (5ms)
Refreshing native plugins compatible for Editor in 3.14 ms, found 3 plugins.
Preloading 0 native plugins for Editor in 0.00 ms.
Unloading 3901 Unused Serialized files (Serialized files now loaded: 0)
Unloading 15 unused Assets / (109.6 KB). Loaded Objects now: 4656.
Memory consumption went from 146.3 MB to 146.2 MB.
Total: 3.371200 ms (FindLiveObjects: 0.296100 ms CreateObjectMapping: 0.104100 ms MarkObjects: 2.914900 ms  DeleteObjects: 0.055400 ms)

Prepare: number of updated asset objects reloaded= 0
AssetImportParameters requested are different than current active one (requested -> active):
  custom:scripting/monoscript/fileName/AttackSystem.cs: 4dd224366d6d2bf0b3eb61a87746d58b -> dd5b58e243460e97769b556093218842
  custom:container-demuxer-ogg: 62fdf1f143b41e24485cea50d1cbac27 -> 
  custom:video-codec-MediaFoundation-h265: 746d11721c4dcdbdad8f713fa42b33f4 -> 
  custom:video-decoder-ogg-theora: a1e56fd34408186e4bbccfd4996cb3dc -> 
  custom:framework-win-MediaFoundation: 216162199b28c13a410421893ffa2e32 -> 
  custom:scripting/monoscript/fileName/UIGame.cs: 4b9a2cc4a5706f216d9230cf04684b14 -> f98156acb6c9b62b4aff1540a104a198
  custom:scripting/monoscript/fileName/ContoladorVictoria.cs: 6e9d79769af1cbc05c81c1f34bfef4b1 -> 6da0a7b1007ca5a312a287392f4369b9
  custom:scripting/monoscript/fileName/GetDamageAndDie.cs: fbaf5a72092f265d7f0053b95228f284 -> afcdc4a96c6b9d065e9a875dcfd62aba
  custom:CustomObjectIndexerAttribute: 9a22284fe3817be447336de3de66b15e -> 
  custom:container-demuxer-webm: 4f35f7cbe854078d1ac9338744f61a02 -> 
  custom:container-muxer-webm: aa71ff27fc2769a1b78a27578f13a17b -> 
  custom:video-decoder-webm-vp8: 9c59270c3fd7afecdb556c50c9e8de78 -> 
  custom:scripting/monoscript/fileName/ControladorPantallaMuerte.cs: 2a47016a00a059b8bd2b5258d73fa50b -> 4f485aefde55c81c83888f08f6f419e6
  custom:scripting/monoscript/fileName/PantallaVictoria.cs: 45d025b7d42b63060f3f45bfa348c914 -> f97ee5a21b66394bafd30c368862f672
  custom:SearchIndexIgnoredProperties: e643bd26f0fe6173181afceb89e7c659 -> 
  custom:AudioImporter_EditorPlatform: d09bf68614088b80899f8185d706f6e7 -> 
  custom:scripting/monoscript/fileName/PlayerHealth.cs: bf586641a7364928427dcda47e95ab02 -> 49f415306e52895faa0b0a35d62e54a1
  custom:scripting/monoscript/fileName/MovementMainCharacter.cs: 8b7b2254b09259093977f480434151e9 -> 1a5db01e19f89a26ed7bc1eeb6c5c637
  custom:scripting/monoscript/fileName/MouseLook.cs: 400179e6373435a1db0012b3e558d044 -> 02bafd22af827e561c2131ae88bbd075
  custom:scripting/monoscript/fileName/Proyectil.cs: 09d2083d478999f3eda8dc0afc8a0565 -> b7c53721b84d8c3ac2fc196d65ff7cc4
  custom:scripting/precompiled-assembly-types:PlayMode: 4f145f65e9f825d84fe31e87a06818d5 -> 
  custom:video-encoder-webm-vp8: eb34c28f22e8b96e1ab97ce403110664 -> 
  custom:audio-decoder-ogg-vorbis: bf7c407c2cedff20999df2af8eb42d56 -> 
  custom:scripting/monoscript/fileName/EnemyMove.cs: 340d789142930787ba1b5af1a4e42f5d -> 0a33fdc3c6aeb686e38d4e7cb24ce84f
  custom:scripting/monoscript/fileName/UIInGame.cs: ea451540bf030e7e179f6da6ca92996f -> e8a1244111ee13bdef5a3d308c37bdd7
  custom:scripting/monoscript/fileName/EnemyCounter.cs: 3160fd62f88a9799067d06e3c2627f5d -> 2a94bf85e7c576f05eb5154ad36197b3
  custom:audio-encoder-webm-vorbis: bf7c407c2cedff20999df2af8eb42d56 -> 
  custom:scripting/monoscript/fileName/DroneAtaque.cs: 86365ffb7a3e48d06a3a8fa23e5578a3 -> 70c4dbe9cac6c9b02aa7bf450f00b264
  custom:scripting/monoscript/fileName/PlayerHealthTests.cs: c2d97ca87dcd91f96191729e9990d0cf -> 
  custom:scripting/precompiled-assembly-types:GameScripts: 4fb7036bdbe01320cac93e598393aa3b -> 
  custom:scripting/precompiled-assembly-types:Assembly-CSharp: 9f818c5ef09b87ccfd4df882abb39c56 -> 208e98eaf41e70cab978e23c588a5e97
========================================================================
Received Prepare
Assembly with name 'Tests1' already exists (Assets/Pruebas/Tests 1/Tests 1.asmdef)
Assembly with name 'Tests1' already exists (Assets/Scripts/EnemigoDron/Tests 1/Tests 1.asmdef)
Assembly with name 'Tests' already exists (Assets/Pruebas/Tests/Tests.asmdef)
Assembly with name 'Tests' already exists (Assets/Scripts/EnemigoDron/Tests/Tests.asmdef)
Caller must complete domain reload
Assembly with name 'Tests1' already exists (Assets/Pruebas/Tests 1/Tests 1.asmdef)
Assembly with name 'Tests1' already exists (Assets/Scripts/EnemigoDron/Tests 1/Tests 1.asmdef)
Assembly with name 'Tests' already exists (Assets/Pruebas/Tests/Tests.asmdef)
Assembly with name 'Tests' already exists (Assets/Scripts/EnemigoDron/Tests/Tests.asmdef)
Begin MonoManager ReloadAssembly
- Loaded All Assemblies, in  0.381 seconds
Native extension for WindowsStandalone target not found
Native extension for Android target not found
Native extension for WebGL target not found
Assembly with name 'Tests1' already exists (Assets/Pruebas/Tests 1/Tests 1.asmdef)
Assembly with name 'Tests1' already exists (Assets/Scripts/EnemigoDron/Tests 1/Tests 1.asmdef)
Assembly with name 'Tests' already exists (Assets/Pruebas/Tests/Tests.asmdef)
Assembly with name 'Tests' already exists (Assets/Scripts/EnemigoDron/Tests/Tests.asmdef)
Mono: successfully reloaded assembly
- Finished resetting the current domain, in  0.849 seconds
Domain Reload Profiling: 1229ms
	BeginReloadAssembly (134ms)
		ExecutionOrderSort (0ms)
		DisableScriptedObjects (5ms)
		BackupInstance (0ms)
		ReleaseScriptingObjects (0ms)
		CreateAndSetChildDomain (35ms)
	RebuildCommonClasses (28ms)
	RebuildNativeTypeToScriptingClass (10ms)
	initialDomainReloadingComplete (26ms)
	LoadAllAssembliesAndSetupDomain (181ms)
		LoadAssemblies (232ms)
		RebuildTransferFunctionScriptingTraits (0ms)
		AnalyzeDomain (14ms)
			TypeCache.Refresh (5ms)
				TypeCache.ScanAssembly (0ms)
			ScanForSourceGeneratedMonoScriptInfo (0ms)
			ResolveRequiredComponents (6ms)
	FinalizeReload (850ms)
		ReleaseScriptCaches (0ms)
		RebuildScriptCaches (0ms)
		SetupLoadedEditorAssemblies (395ms)
			LogAssemblyErrors (0ms)
			InitializePlatformSupportModulesInManaged (12ms)
			SetLoadedEditorAssemblies (3ms)
			RefreshPlugins (0ms)
			BeforeProcessingInitializeOnLoad (54ms)
			ProcessInitializeOnLoadAttributes (310ms)
			ProcessInitializeOnLoadMethodAttributes (12ms)
			AfterProcessingInitializeOnLoad (4ms)
			EditorAssembliesLoaded (0ms)
		ExecutionOrderSort2 (0ms)
		AwakeInstancesAfterBackupRestoration (4ms)
Refreshing native plugins compatible for Editor in 1.82 ms, found 3 plugins.
Preloading 0 native plugins for Editor in 0.00 ms.
Unloading 3901 Unused Serialized files (Serialized files now loaded: 0)
Unloading 15 unused Assets / (109.6 KB). Loaded Objects now: 4671.
Memory consumption went from 146.3 MB to 146.2 MB.
Total: 2.870600 ms (FindLiveObjects: 0.281400 ms CreateObjectMapping: 0.094400 ms MarkObjects: 2.444200 ms  DeleteObjects: 0.049400 ms)

Prepare: number of updated asset objects reloaded= 0
AssetImportParameters requested are different than current active one (requested -> active):
  custom:scripting/monoscript/fileName/AttackSystem.cs: 4dd224366d6d2bf0b3eb61a87746d58b -> dd5b58e243460e97769b556093218842
  custom:container-demuxer-ogg: 62fdf1f143b41e24485cea50d1cbac27 -> 
  custom:video-codec-MediaFoundation-h265: 746d11721c4dcdbdad8f713fa42b33f4 -> 
  custom:video-decoder-ogg-theora: a1e56fd34408186e4bbccfd4996cb3dc -> 
  custom:framework-win-MediaFoundation: 216162199b28c13a410421893ffa2e32 -> 
  custom:scripting/monoscript/fileName/UIGame.cs: 4b9a2cc4a5706f216d9230cf04684b14 -> f98156acb6c9b62b4aff1540a104a198
  custom:scripting/monoscript/fileName/ContoladorVictoria.cs: 6e9d79769af1cbc05c81c1f34bfef4b1 -> 6da0a7b1007ca5a312a287392f4369b9
  custom:scripting/monoscript/fileName/GetDamageAndDie.cs: fbaf5a72092f265d7f0053b95228f284 -> afcdc4a96c6b9d065e9a875dcfd62aba
  custom:CustomObjectIndexerAttribute: 9a22284fe3817be447336de3de66b15e -> 
  custom:container-demuxer-webm: 4f35f7cbe854078d1ac9338744f61a02 -> 
  custom:container-muxer-webm: aa71ff27fc2769a1b78a27578f13a17b -> 
  custom:video-decoder-webm-vp8: 9c59270c3fd7afecdb556c50c9e8de78 -> 
  custom:scripting/monoscript/fileName/ControladorPantallaMuerte.cs: 2a47016a00a059b8bd2b5258d73fa50b -> 4f485aefde55c81c83888f08f6f419e6
  custom:scripting/monoscript/fileName/PantallaVictoria.cs: 45d025b7d42b63060f3f45bfa348c914 -> f97ee5a21b66394bafd30c368862f672
  custom:SearchIndexIgnoredProperties: e643bd26f0fe6173181afceb89e7c659 -> 
  custom:AudioImporter_EditorPlatform: d09bf68614088b80899f8185d706f6e7 -> 
  custom:scripting/monoscript/fileName/PlayerHealth.cs: bf586641a7364928427dcda47e95ab02 -> 49f415306e52895faa0b0a35d62e54a1
  custom:scripting/monoscript/fileName/MovementMainCharacter.cs: 8b7b2254b09259093977f480434151e9 -> 1a5db01e19f89a26ed7bc1eeb6c5c637
  custom:scripting/monoscript/fileName/MouseLook.cs: 400179e6373435a1db0012b3e558d044 -> 02bafd22af827e561c2131ae88bbd075
  custom:scripting/monoscript/fileName/Proyectil.cs: 09d2083d478999f3eda8dc0afc8a0565 -> b7c53721b84d8c3ac2fc196d65ff7cc4
  custom:scripting/precompiled-assembly-types:PlayMode: 4f145f65e9f825d84fe31e87a06818d5 -> 
  custom:video-encoder-webm-vp8: eb34c28f22e8b96e1ab97ce403110664 -> 
  custom:audio-decoder-ogg-vorbis: bf7c407c2cedff20999df2af8eb42d56 -> 
  custom:scripting/monoscript/fileName/EnemyMove.cs: 340d789142930787ba1b5af1a4e42f5d -> 0a33fdc3c6aeb686e38d4e7cb24ce84f
  custom:scripting/monoscript/fileName/UIInGame.cs: ea451540bf030e7e179f6da6ca92996f -> e8a1244111ee13bdef5a3d308c37bdd7
  custom:scripting/monoscript/fileName/EnemyCounter.cs: 3160fd62f88a9799067d06e3c2627f5d -> 2a94bf85e7c576f05eb5154ad36197b3
  custom:audio-encoder-webm-vorbis: bf7c407c2cedff20999df2af8eb42d56 -> 
  custom:scripting/monoscript/fileName/DroneAtaque.cs: 86365ffb7a3e48d06a3a8fa23e5578a3 -> 70c4dbe9cac6c9b02aa7bf450f00b264
  custom:scripting/monoscript/fileName/PlayerHealthTests.cs: c2d97ca87dcd91f96191729e9990d0cf -> 
  custom:scripting/precompiled-assembly-types:GameScripts: 4fb7036bdbe01320cac93e598393aa3b -> 
  custom:scripting/precompiled-assembly-types:Assembly-CSharp: 9f818c5ef09b87ccfd4df882abb39c56 -> 208e98eaf41e70cab978e23c588a5e97
========================================================================
Received Prepare
Assembly with name 'Tests1' already exists (Assets/Pruebas/Tests 1/Tests 1.asmdef)
Assembly with name 'Tests1' already exists (Assets/Scripts/EnemigoDron/Tests 1/Tests 1.asmdef)
Assembly with name 'Tests' already exists (Assets/Pruebas/Tests/Tests.asmdef)
Assembly with name 'Tests' already exists (Assets/Scripts/EnemigoDron/Tests/Tests.asmdef)
Caller must complete domain reload
Assembly with name 'Tests1' already exists (Assets/Pruebas/Tests 1/Tests 1.asmdef)
Assembly with name 'Tests1' already exists (Assets/Scripts/EnemigoDron/Tests 1/Tests 1.asmdef)
Assembly with name 'Tests' already exists (Assets/Pruebas/Tests/Tests.asmdef)
Assembly with name 'Tests' already exists (Assets/Scripts/EnemigoDron/Tests/Tests.asmdef)
Begin MonoManager ReloadAssembly
- Loaded All Assemblies, in  0.374 seconds
Native extension for WindowsStandalone target not found
Native extension for Android target not found
Native extension for WebGL target not found
Assembly with name 'Tests1' already exists (Assets/Pruebas/Tests 1/Tests 1.asmdef)
Assembly with name 'Tests1' already exists (Assets/Scripts/EnemigoDron/Tests 1/Tests 1.asmdef)
Assembly with name 'Tests' already exists (Assets/Pruebas/Tests/Tests.asmdef)
Assembly with name 'Tests' already exists (Assets/Scripts/EnemigoDron/Tests/Tests.asmdef)
Mono: successfully reloaded assembly
- Finished resetting the current domain, in  0.776 seconds
Domain Reload Profiling: 1148ms
	BeginReloadAssembly (123ms)
		ExecutionOrderSort (0ms)
		DisableScriptedObjects (4ms)
		BackupInstance (0ms)
		ReleaseScriptingObjects (0ms)
		CreateAndSetChildDomain (33ms)
	RebuildCommonClasses (29ms)
	RebuildNativeTypeToScriptingClass (11ms)
	initialDomainReloadingComplete (21ms)
	LoadAllAssembliesAndSetupDomain (188ms)
		LoadAssemblies (221ms)
		RebuildTransferFunctionScriptingTraits (0ms)
		AnalyzeDomain (30ms)
			TypeCache.Refresh (10ms)
				TypeCache.ScanAssembly (1ms)
			ScanForSourceGeneratedMonoScriptInfo (11ms)
			ResolveRequiredComponents (6ms)
	FinalizeReload (776ms)
		ReleaseScriptCaches (0ms)
		RebuildScriptCaches (0ms)
		SetupLoadedEditorAssemblies (389ms)
			LogAssemblyErrors (0ms)
			InitializePlatformSupportModulesInManaged (11ms)
			SetLoadedEditorAssemblies (2ms)
			RefreshPlugins (0ms)
			BeforeProcessingInitializeOnLoad (53ms)
			ProcessInitializeOnLoadAttributes (308ms)
			ProcessInitializeOnLoadMethodAttributes (12ms)
			AfterProcessingInitializeOnLoad (3ms)
			EditorAssembliesLoaded (0ms)
		ExecutionOrderSort2 (0ms)
		AwakeInstancesAfterBackupRestoration (4ms)
Refreshing native plugins compatible for Editor in 1.99 ms, found 3 plugins.
Preloading 0 native plugins for Editor in 0.00 ms.
Unloading 3901 Unused Serialized files (Serialized files now loaded: 0)
Unloading 15 unused Assets / (109.7 KB). Loaded Objects now: 4686.
Memory consumption went from 146.3 MB to 146.2 MB.
Total: 4.315800 ms (FindLiveObjects: 0.306900 ms CreateObjectMapping: 0.131900 ms MarkObjects: 3.819700 ms  DeleteObjects: 0.056600 ms)

Prepare: number of updated asset objects reloaded= 0
AssetImportParameters requested are different than current active one (requested -> active):
  custom:scripting/monoscript/fileName/AttackSystem.cs: 4dd224366d6d2bf0b3eb61a87746d58b -> dd5b58e243460e97769b556093218842
  custom:container-demuxer-ogg: 62fdf1f143b41e24485cea50d1cbac27 -> 
  custom:video-codec-MediaFoundation-h265: 746d11721c4dcdbdad8f713fa42b33f4 -> 
  custom:video-decoder-ogg-theora: a1e56fd34408186e4bbccfd4996cb3dc -> 
  custom:framework-win-MediaFoundation: 216162199b28c13a410421893ffa2e32 -> 
  custom:scripting/monoscript/fileName/UIGame.cs: 4b9a2cc4a5706f216d9230cf04684b14 -> f98156acb6c9b62b4aff1540a104a198
  custom:scripting/monoscript/fileName/ContoladorVictoria.cs: 6e9d79769af1cbc05c81c1f34bfef4b1 -> 6da0a7b1007ca5a312a287392f4369b9
  custom:scripting/monoscript/fileName/GetDamageAndDie.cs: fbaf5a72092f265d7f0053b95228f284 -> afcdc4a96c6b9d065e9a875dcfd62aba
  custom:CustomObjectIndexerAttribute: 9a22284fe3817be447336de3de66b15e -> 
  custom:container-demuxer-webm: 4f35f7cbe854078d1ac9338744f61a02 -> 
  custom:container-muxer-webm: aa71ff27fc2769a1b78a27578f13a17b -> 
  custom:video-decoder-webm-vp8: 9c59270c3fd7afecdb556c50c9e8de78 -> 
  custom:scripting/monoscript/fileName/ControladorPantallaMuerte.cs: 2a47016a00a059b8bd2b5258d73fa50b -> 4f485aefde55c81c83888f08f6f419e6
  custom:scripting/monoscript/fileName/PantallaVictoria.cs: 45d025b7d42b63060f3f45bfa348c914 -> f97ee5a21b66394bafd30c368862f672
  custom:SearchIndexIgnoredProperties: e643bd26f0fe6173181afceb89e7c659 -> 
  custom:AudioImporter_EditorPlatform: d09bf68614088b80899f8185d706f6e7 -> 
  custom:scripting/monoscript/fileName/PlayerHealth.cs: bf586641a7364928427dcda47e95ab02 -> 49f415306e52895faa0b0a35d62e54a1
  custom:scripting/monoscript/fileName/MovementMainCharacter.cs: 8b7b2254b09259093977f480434151e9 -> 1a5db01e19f89a26ed7bc1eeb6c5c637
  custom:scripting/monoscript/fileName/MouseLook.cs: 400179e6373435a1db0012b3e558d044 -> 02bafd22af827e561c2131ae88bbd075
  custom:scripting/monoscript/fileName/Proyectil.cs: 09d2083d478999f3eda8dc0afc8a0565 -> b7c53721b84d8c3ac2fc196d65ff7cc4
  custom:scripting/precompiled-assembly-types:PlayMode: 4f145f65e9f825d84fe31e87a06818d5 -> 
  custom:video-encoder-webm-vp8: eb34c28f22e8b96e1ab97ce403110664 -> 
  custom:audio-decoder-ogg-vorbis: bf7c407c2cedff20999df2af8eb42d56 -> 
  custom:scripting/monoscript/fileName/EnemyMove.cs: 340d789142930787ba1b5af1a4e42f5d -> 0a33fdc3c6aeb686e38d4e7cb24ce84f
  custom:scripting/monoscript/fileName/UIInGame.cs: ea451540bf030e7e179f6da6ca92996f -> e8a1244111ee13bdef5a3d308c37bdd7
  custom:scripting/monoscript/fileName/EnemyCounter.cs: 3160fd62f88a9799067d06e3c2627f5d -> 2a94bf85e7c576f05eb5154ad36197b3
  custom:audio-encoder-webm-vorbis: bf7c407c2cedff20999df2af8eb42d56 -> 
  custom:scripting/monoscript/fileName/DroneAtaque.cs: 86365ffb7a3e48d06a3a8fa23e5578a3 -> 70c4dbe9cac6c9b02aa7bf450f00b264
  custom:scripting/monoscript/fileName/PlayerHealthTests.cs: c2d97ca87dcd91f96191729e9990d0cf -> 
  custom:scripting/precompiled-assembly-types:GameScripts: 4fb7036bdbe01320cac93e598393aa3b -> 
  custom:scripting/precompiled-assembly-types:Assembly-CSharp: 9f818c5ef09b87ccfd4df882abb39c56 -> 208e98eaf41e70cab978e23c588a5e97
========================================================================
Received Prepare
Assembly with name 'Tests1' already exists (Assets/Pruebas/Tests 1/Tests 1.asmdef)
Assembly with name 'Tests1' already exists (Assets/Scripts/EnemigoDron/Tests 1/Tests 1.asmdef)
Assembly with name 'Tests' already exists (Assets/Pruebas/Tests/Tests.asmdef)
Assembly with name 'Tests' already exists (Assets/Scripts/EnemigoDron/Tests/Tests.asmdef)
Caller must complete domain reload
Assembly with name 'Tests1' already exists (Assets/Pruebas/Tests 1/Tests 1.asmdef)
Assembly with name 'Tests1' already exists (Assets/Scripts/EnemigoDron/Tests 1/Tests 1.asmdef)
Assembly with name 'Tests' already exists (Assets/Pruebas/Tests/Tests.asmdef)
Assembly with name 'Tests' already exists (Assets/Scripts/EnemigoDron/Tests/Tests.asmdef)
Begin MonoManager ReloadAssembly
- Loaded All Assemblies, in  0.300 seconds
Native extension for WindowsStandalone target not found
Native extension for Android target not found
Native extension for WebGL target not found
Assembly with name 'Tests1' already exists (Assets/Pruebas/Tests 1/Tests 1.asmdef)
Assembly with name 'Tests1' already exists (Assets/Scripts/EnemigoDron/Tests 1/Tests 1.asmdef)
Assembly with name 'Tests' already exists (Assets/Pruebas/Tests/Tests.asmdef)
Assembly with name 'Tests' already exists (Assets/Scripts/EnemigoDron/Tests/Tests.asmdef)
Mono: successfully reloaded assembly
- Finished resetting the current domain, in  0.814 seconds
Domain Reload Profiling: 1112ms
	BeginReloadAssembly (108ms)
		ExecutionOrderSort (0ms)
		DisableScriptedObjects (3ms)
		BackupInstance (0ms)
		ReleaseScriptingObjects (0ms)
		CreateAndSetChildDomain (26ms)
	RebuildCommonClasses (19ms)
	RebuildNativeTypeToScriptingClass (6ms)
	initialDomainReloadingComplete (17ms)
	LoadAllAssembliesAndSetupDomain (148ms)
		LoadAssemblies (191ms)
		RebuildTransferFunctionScriptingTraits (0ms)
		AnalyzeDomain (11ms)
			TypeCache.Refresh (5ms)
				TypeCache.ScanAssembly (0ms)
			ScanForSourceGeneratedMonoScriptInfo (0ms)
			ResolveRequiredComponents (4ms)
	FinalizeReload (814ms)
		ReleaseScriptCaches (0ms)
		RebuildScriptCaches (0ms)
		SetupLoadedEditorAssemblies (451ms)
			LogAssemblyErrors (0ms)
			InitializePlatformSupportModulesInManaged (13ms)
			SetLoadedEditorAssemblies (2ms)
			RefreshPlugins (0ms)
			BeforeProcessingInitializeOnLoad (63ms)
			ProcessInitializeOnLoadAttributes (352ms)
			ProcessInitializeOnLoadMethodAttributes (15ms)
			AfterProcessingInitializeOnLoad (4ms)
			EditorAssembliesLoaded (0ms)
		ExecutionOrderSort2 (0ms)
		AwakeInstancesAfterBackupRestoration (5ms)
Refreshing native plugins compatible for Editor in 2.85 ms, found 3 plugins.
Preloading 0 native plugins for Editor in 0.00 ms.
Unloading 3901 Unused Serialized files (Serialized files now loaded: 0)
Unloading 15 unused Assets / (109.7 KB). Loaded Objects now: 4701.
Memory consumption went from 146.3 MB to 146.2 MB.
Total: 3.601600 ms (FindLiveObjects: 0.302400 ms CreateObjectMapping: 0.110800 ms MarkObjects: 3.132900 ms  DeleteObjects: 0.054800 ms)

Prepare: number of updated asset objects reloaded= 0
AssetImportParameters requested are different than current active one (requested -> active):
  custom:scripting/monoscript/fileName/AttackSystem.cs: 4dd224366d6d2bf0b3eb61a87746d58b -> dd5b58e243460e97769b556093218842
  custom:container-demuxer-ogg: 62fdf1f143b41e24485cea50d1cbac27 -> 
  custom:video-codec-MediaFoundation-h265: 746d11721c4dcdbdad8f713fa42b33f4 -> 
  custom:video-decoder-ogg-theora: a1e56fd34408186e4bbccfd4996cb3dc -> 
  custom:framework-win-MediaFoundation: 216162199b28c13a410421893ffa2e32 -> 
  custom:scripting/monoscript/fileName/UIGame.cs: 4b9a2cc4a5706f216d9230cf04684b14 -> f98156acb6c9b62b4aff1540a104a198
  custom:scripting/monoscript/fileName/ContoladorVictoria.cs: 6e9d79769af1cbc05c81c1f34bfef4b1 -> 6da0a7b1007ca5a312a287392f4369b9
  custom:scripting/monoscript/fileName/GetDamageAndDie.cs: fbaf5a72092f265d7f0053b95228f284 -> afcdc4a96c6b9d065e9a875dcfd62aba
  custom:CustomObjectIndexerAttribute: 9a22284fe3817be447336de3de66b15e -> 
  custom:container-demuxer-webm: 4f35f7cbe854078d1ac9338744f61a02 -> 
  custom:container-muxer-webm: aa71ff27fc2769a1b78a27578f13a17b -> 
  custom:video-decoder-webm-vp8: 9c59270c3fd7afecdb556c50c9e8de78 -> 
  custom:scripting/monoscript/fileName/ControladorPantallaMuerte.cs: 2a47016a00a059b8bd2b5258d73fa50b -> 4f485aefde55c81c83888f08f6f419e6
  custom:scripting/monoscript/fileName/PantallaVictoria.cs: 45d025b7d42b63060f3f45bfa348c914 -> f97ee5a21b66394bafd30c368862f672
  custom:SearchIndexIgnoredProperties: e643bd26f0fe6173181afceb89e7c659 -> 
  custom:AudioImporter_EditorPlatform: d09bf68614088b80899f8185d706f6e7 -> 
  custom:scripting/monoscript/fileName/PlayerHealth.cs: bf586641a7364928427dcda47e95ab02 -> 49f415306e52895faa0b0a35d62e54a1
  custom:scripting/monoscript/fileName/MovementMainCharacter.cs: 8b7b2254b09259093977f480434151e9 -> 1a5db01e19f89a26ed7bc1eeb6c5c637
  custom:scripting/monoscript/fileName/MouseLook.cs: 400179e6373435a1db0012b3e558d044 -> 02bafd22af827e561c2131ae88bbd075
  custom:scripting/monoscript/fileName/Proyectil.cs: 09d2083d478999f3eda8dc0afc8a0565 -> b7c53721b84d8c3ac2fc196d65ff7cc4
  custom:scripting/precompiled-assembly-types:PlayMode: 4f145f65e9f825d84fe31e87a06818d5 -> 
  custom:video-encoder-webm-vp8: eb34c28f22e8b96e1ab97ce403110664 -> 
  custom:audio-decoder-ogg-vorbis: bf7c407c2cedff20999df2af8eb42d56 -> 
  custom:scripting/monoscript/fileName/EnemyMove.cs: 340d789142930787ba1b5af1a4e42f5d -> 0a33fdc3c6aeb686e38d4e7cb24ce84f
  custom:scripting/monoscript/fileName/UIInGame.cs: ea451540bf030e7e179f6da6ca92996f -> e8a1244111ee13bdef5a3d308c37bdd7
  custom:scripting/monoscript/fileName/EnemyCounter.cs: 3160fd62f88a9799067d06e3c2627f5d -> 2a94bf85e7c576f05eb5154ad36197b3
  custom:audio-encoder-webm-vorbis: bf7c407c2cedff20999df2af8eb42d56 -> 
  custom:scripting/monoscript/fileName/DroneAtaque.cs: 86365ffb7a3e48d06a3a8fa23e5578a3 -> 70c4dbe9cac6c9b02aa7bf450f00b264
  custom:scripting/monoscript/fileName/PlayerHealthTests.cs: c2d97ca87dcd91f96191729e9990d0cf -> 
  custom:scripting/precompiled-assembly-types:GameScripts: 4fb7036bdbe01320cac93e598393aa3b -> 
  custom:scripting/precompiled-assembly-types:Assembly-CSharp: 9f818c5ef09b87ccfd4df882abb39c56 -> 208e98eaf41e70cab978e23c588a5e97
========================================================================
Received Prepare
Assembly with name 'Tests1' already exists (Assets/Pruebas/Tests 1/Tests 1.asmdef)
Assembly with name 'Tests1' already exists (Assets/Scripts/EnemigoDron/Tests 1/Tests 1.asmdef)
Assembly with name 'Tests' already exists (Assets/Pruebas/Tests/Tests.asmdef)
Assembly with name 'Tests' already exists (Assets/Scripts/EnemigoDron/Tests/Tests.asmdef)
Caller must complete domain reload
Assembly with name 'Tests1' already exists (Assets/Pruebas/Tests 1/Tests 1.asmdef)
Assembly with name 'Tests1' already exists (Assets/Scripts/EnemigoDron/Tests 1/Tests 1.asmdef)
Assembly with name 'Tests' already exists (Assets/Pruebas/Tests/Tests.asmdef)
Assembly with name 'Tests' already exists (Assets/Scripts/EnemigoDron/Tests/Tests.asmdef)
Begin MonoManager ReloadAssembly
- Loaded All Assemblies, in  0.384 seconds
Native extension for WindowsStandalone target not found
Native extension for Android target not found
Native extension for WebGL target not found
Assembly with name 'Tests1' already exists (Assets/Pruebas/Tests 1/Tests 1.asmdef)
Assembly with name 'Tests1' already exists (Assets/Scripts/EnemigoDron/Tests 1/Tests 1.asmdef)
Assembly with name 'Tests' already exists (Assets/Pruebas/Tests/Tests.asmdef)
Assembly with name 'Tests' already exists (Assets/Scripts/EnemigoDron/Tests/Tests.asmdef)
Mono: successfully reloaded assembly
- Finished resetting the current domain, in  0.942 seconds
Domain Reload Profiling: 1324ms
	BeginReloadAssembly (127ms)
		ExecutionOrderSort (0ms)
		DisableScriptedObjects (4ms)
		BackupInstance (0ms)
		ReleaseScriptingObjects (0ms)
		CreateAndSetChildDomain (32ms)
	RebuildCommonClasses (29ms)
	RebuildNativeTypeToScriptingClass (11ms)
	initialDomainReloadingComplete (24ms)
	LoadAllAssembliesAndSetupDomain (190ms)
		LoadAssemblies (223ms)
		RebuildTransferFunctionScriptingTraits (0ms)
		AnalyzeDomain (29ms)
			TypeCache.Refresh (8ms)
				TypeCache.ScanAssembly (1ms)
			ScanForSourceGeneratedMonoScriptInfo (12ms)
			ResolveRequiredComponents (6ms)
	FinalizeReload (942ms)
		ReleaseScriptCaches (0ms)
		RebuildScriptCaches (0ms)
		SetupLoadedEditorAssemblies (538ms)
			LogAssemblyErrors (0ms)
			InitializePlatformSupportModulesInManaged (17ms)
			SetLoadedEditorAssemblies (3ms)
			RefreshPlugins (0ms)
			BeforeProcessingInitializeOnLoad (76ms)
			ProcessInitializeOnLoadAttributes (420ms)
			ProcessInitializeOnLoadMethodAttributes (17ms)
			AfterProcessingInitializeOnLoad (5ms)
			EditorAssembliesLoaded (0ms)
		ExecutionOrderSort2 (0ms)
		AwakeInstancesAfterBackupRestoration (5ms)
Refreshing native plugins compatible for Editor in 3.31 ms, found 3 plugins.
Preloading 0 native plugins for Editor in 0.00 ms.
Unloading 3901 Unused Serialized files (Serialized files now loaded: 0)
Unloading 15 unused Assets / (109.6 KB). Loaded Objects now: 4716.
Memory consumption went from 146.3 MB to 146.2 MB.
Total: 3.049900 ms (FindLiveObjects: 0.302400 ms CreateObjectMapping: 0.111600 ms MarkObjects: 2.577700 ms  DeleteObjects: 0.057400 ms)

Prepare: number of updated asset objects reloaded= 0
AssetImportParameters requested are different than current active one (requested -> active):
  custom:scripting/monoscript/fileName/AttackSystem.cs: 4dd224366d6d2bf0b3eb61a87746d58b -> dd5b58e243460e97769b556093218842
  custom:container-demuxer-ogg: 62fdf1f143b41e24485cea50d1cbac27 -> 
  custom:video-codec-MediaFoundation-h265: 746d11721c4dcdbdad8f713fa42b33f4 -> 
  custom:video-decoder-ogg-theora: a1e56fd34408186e4bbccfd4996cb3dc -> 
  custom:framework-win-MediaFoundation: 216162199b28c13a410421893ffa2e32 -> 
  custom:scripting/monoscript/fileName/UIGame.cs: 4b9a2cc4a5706f216d9230cf04684b14 -> f98156acb6c9b62b4aff1540a104a198
  custom:scripting/monoscript/fileName/ContoladorVictoria.cs: 6e9d79769af1cbc05c81c1f34bfef4b1 -> 6da0a7b1007ca5a312a287392f4369b9
  custom:scripting/monoscript/fileName/GetDamageAndDie.cs: fbaf5a72092f265d7f0053b95228f284 -> afcdc4a96c6b9d065e9a875dcfd62aba
  custom:CustomObjectIndexerAttribute: 9a22284fe3817be447336de3de66b15e -> 
  custom:container-demuxer-webm: 4f35f7cbe854078d1ac9338744f61a02 -> 
  custom:container-muxer-webm: aa71ff27fc2769a1b78a27578f13a17b -> 
  custom:video-decoder-webm-vp8: 9c59270c3fd7afecdb556c50c9e8de78 -> 
  custom:scripting/monoscript/fileName/ControladorPantallaMuerte.cs: 2a47016a00a059b8bd2b5258d73fa50b -> 4f485aefde55c81c83888f08f6f419e6
  custom:scripting/monoscript/fileName/PantallaVictoria.cs: 45d025b7d42b63060f3f45bfa348c914 -> f97ee5a21b66394bafd30c368862f672
  custom:SearchIndexIgnoredProperties: e643bd26f0fe6173181afceb89e7c659 -> 
  custom:AudioImporter_EditorPlatform: d09bf68614088b80899f8185d706f6e7 -> 
  custom:scripting/monoscript/fileName/PlayerHealth.cs: bf586641a7364928427dcda47e95ab02 -> 49f415306e52895faa0b0a35d62e54a1
  custom:scripting/monoscript/fileName/MovementMainCharacter.cs: 8b7b2254b09259093977f480434151e9 -> 1a5db01e19f89a26ed7bc1eeb6c5c637
  custom:scripting/monoscript/fileName/MouseLook.cs: 400179e6373435a1db0012b3e558d044 -> 02bafd22af827e561c2131ae88bbd075
  custom:scripting/monoscript/fileName/Proyectil.cs: 09d2083d478999f3eda8dc0afc8a0565 -> b7c53721b84d8c3ac2fc196d65ff7cc4
  custom:scripting/precompiled-assembly-types:PlayMode: 4f145f65e9f825d84fe31e87a06818d5 -> 
  custom:video-encoder-webm-vp8: eb34c28f22e8b96e1ab97ce403110664 -> 
  custom:audio-decoder-ogg-vorbis: bf7c407c2cedff20999df2af8eb42d56 -> 
  custom:scripting/monoscript/fileName/EnemyMove.cs: 340d789142930787ba1b5af1a4e42f5d -> 0a33fdc3c6aeb686e38d4e7cb24ce84f
  custom:scripting/monoscript/fileName/UIInGame.cs: ea451540bf030e7e179f6da6ca92996f -> e8a1244111ee13bdef5a3d308c37bdd7
  custom:scripting/monoscript/fileName/EnemyCounter.cs: 3160fd62f88a9799067d06e3c2627f5d -> 2a94bf85e7c576f05eb5154ad36197b3
  custom:audio-encoder-webm-vorbis: bf7c407c2cedff20999df2af8eb42d56 -> 
  custom:scripting/monoscript/fileName/DroneAtaque.cs: 86365ffb7a3e48d06a3a8fa23e5578a3 -> 70c4dbe9cac6c9b02aa7bf450f00b264
  custom:scripting/monoscript/fileName/PlayerHealthTests.cs: c2d97ca87dcd91f96191729e9990d0cf -> 
  custom:scripting/precompiled-assembly-types:GameScripts: 4fb7036bdbe01320cac93e598393aa3b -> 
  custom:scripting/precompiled-assembly-types:Assembly-CSharp: 9f818c5ef09b87ccfd4df882abb39c56 -> 208e98eaf41e70cab978e23c588a5e97
========================================================================
Received Prepare
Assembly with name 'Tests1' already exists (Assets/Pruebas/Tests 1/Tests 1.asmdef)
Assembly with name 'Tests1' already exists (Assets/Scripts/EnemigoDron/Tests 1/Tests 1.asmdef)
Assembly with name 'Tests' already exists (Assets/Pruebas/Tests/Tests.asmdef)
Assembly with name 'Tests' already exists (Assets/Scripts/EnemigoDron/Tests/Tests.asmdef)
Caller must complete domain reload
Assembly with name 'Tests1' already exists (Assets/Pruebas/Tests 1/Tests 1.asmdef)
Assembly with name 'Tests1' already exists (Assets/Scripts/EnemigoDron/Tests 1/Tests 1.asmdef)
Assembly with name 'Tests' already exists (Assets/Pruebas/Tests/Tests.asmdef)
Assembly with name 'Tests' already exists (Assets/Scripts/EnemigoDron/Tests/Tests.asmdef)
Begin MonoManager ReloadAssembly
- Loaded All Assemblies, in  0.304 seconds
Native extension for WindowsStandalone target not found
Native extension for Android target not found
Native extension for WebGL target not found
Assembly with name 'Tests1' already exists (Assets/Pruebas/Tests 1/Tests 1.asmdef)
Assembly with name 'Tests1' already exists (Assets/Scripts/EnemigoDron/Tests 1/Tests 1.asmdef)
Assembly with name 'Tests' already exists (Assets/Pruebas/Tests/Tests.asmdef)
Assembly with name 'Tests' already exists (Assets/Scripts/EnemigoDron/Tests/Tests.asmdef)
Mono: successfully reloaded assembly
- Finished resetting the current domain, in  0.829 seconds
Domain Reload Profiling: 1132ms
	BeginReloadAssembly (106ms)
		ExecutionOrderSort (0ms)
		DisableScriptedObjects (3ms)
		BackupInstance (0ms)
		ReleaseScriptingObjects (0ms)
		CreateAndSetChildDomain (29ms)
	RebuildCommonClasses (23ms)
	RebuildNativeTypeToScriptingClass (7ms)
	initialDomainReloadingComplete (21ms)
	LoadAllAssembliesAndSetupDomain (146ms)
		LoadAssemblies (183ms)
		RebuildTransferFunctionScriptingTraits (0ms)
		AnalyzeDomain (11ms)
			TypeCache.Refresh (5ms)
				TypeCache.ScanAssembly (0ms)
			ScanForSourceGeneratedMonoScriptInfo (0ms)
			ResolveRequiredComponents (4ms)
	FinalizeReload (829ms)
		ReleaseScriptCaches (0ms)
		RebuildScriptCaches (0ms)
		SetupLoadedEditorAssemblies (455ms)
			LogAssemblyErrors (0ms)
			InitializePlatformSupportModulesInManaged (15ms)
			SetLoadedEditorAssemblies (2ms)
			RefreshPlugins (0ms)
			BeforeProcessingInitializeOnLoad (66ms)
			ProcessInitializeOnLoadAttributes (356ms)
			ProcessInitializeOnLoadMethodAttributes (13ms)
			AfterProcessingInitializeOnLoad (3ms)
			EditorAssembliesLoaded (0ms)
		ExecutionOrderSort2 (0ms)
		AwakeInstancesAfterBackupRestoration (4ms)
Refreshing native plugins compatible for Editor in 2.14 ms, found 3 plugins.
Preloading 0 native plugins for Editor in 0.00 ms.
Unloading 3901 Unused Serialized files (Serialized files now loaded: 0)
Unloading 15 unused Assets / (109.7 KB). Loaded Objects now: 4731.
Memory consumption went from 146.3 MB to 146.2 MB.
Total: 3.626900 ms (FindLiveObjects: 0.327700 ms CreateObjectMapping: 0.129500 ms MarkObjects: 3.118600 ms  DeleteObjects: 0.050600 ms)

Prepare: number of updated asset objects reloaded= 0
AssetImportParameters requested are different than current active one (requested -> active):
  custom:scripting/monoscript/fileName/AttackSystem.cs: 4dd224366d6d2bf0b3eb61a87746d58b -> dd5b58e243460e97769b556093218842
  custom:container-demuxer-ogg: 62fdf1f143b41e24485cea50d1cbac27 -> 
  custom:video-codec-MediaFoundation-h265: 746d11721c4dcdbdad8f713fa42b33f4 -> 
  custom:video-decoder-ogg-theora: a1e56fd34408186e4bbccfd4996cb3dc -> 
  custom:framework-win-MediaFoundation: 216162199b28c13a410421893ffa2e32 -> 
  custom:scripting/monoscript/fileName/UIGame.cs: 4b9a2cc4a5706f216d9230cf04684b14 -> f98156acb6c9b62b4aff1540a104a198
  custom:scripting/monoscript/fileName/ContoladorVictoria.cs: 6e9d79769af1cbc05c81c1f34bfef4b1 -> 6da0a7b1007ca5a312a287392f4369b9
  custom:scripting/monoscript/fileName/GetDamageAndDie.cs: fbaf5a72092f265d7f0053b95228f284 -> afcdc4a96c6b9d065e9a875dcfd62aba
  custom:CustomObjectIndexerAttribute: 9a22284fe3817be447336de3de66b15e -> 
  custom:container-demuxer-webm: 4f35f7cbe854078d1ac9338744f61a02 -> 
  custom:container-muxer-webm: aa71ff27fc2769a1b78a27578f13a17b -> 
  custom:video-decoder-webm-vp8: 9c59270c3fd7afecdb556c50c9e8de78 -> 
  custom:scripting/monoscript/fileName/ControladorPantallaMuerte.cs: 2a47016a00a059b8bd2b5258d73fa50b -> 4f485aefde55c81c83888f08f6f419e6
  custom:scripting/monoscript/fileName/PantallaVictoria.cs: 45d025b7d42b63060f3f45bfa348c914 -> f97ee5a21b66394bafd30c368862f672
  custom:SearchIndexIgnoredProperties: e643bd26f0fe6173181afceb89e7c659 -> 
  custom:AudioImporter_EditorPlatform: d09bf68614088b80899f8185d706f6e7 -> 
  custom:scripting/monoscript/fileName/PlayerHealth.cs: bf586641a7364928427dcda47e95ab02 -> 49f415306e52895faa0b0a35d62e54a1
  custom:scripting/monoscript/fileName/MovementMainCharacter.cs: 8b7b2254b09259093977f480434151e9 -> 1a5db01e19f89a26ed7bc1eeb6c5c637
  custom:scripting/monoscript/fileName/MouseLook.cs: 400179e6373435a1db0012b3e558d044 -> 02bafd22af827e561c2131ae88bbd075
  custom:scripting/monoscript/fileName/Proyectil.cs: 09d2083d478999f3eda8dc0afc8a0565 -> b7c53721b84d8c3ac2fc196d65ff7cc4
  custom:scripting/precompiled-assembly-types:PlayMode: 4f145f65e9f825d84fe31e87a06818d5 -> 
  custom:video-encoder-webm-vp8: eb34c28f22e8b96e1ab97ce403110664 -> 
  custom:audio-decoder-ogg-vorbis: bf7c407c2cedff20999df2af8eb42d56 -> 
  custom:scripting/monoscript/fileName/EnemyMove.cs: 340d789142930787ba1b5af1a4e42f5d -> 0a33fdc3c6aeb686e38d4e7cb24ce84f
  custom:scripting/monoscript/fileName/UIInGame.cs: ea451540bf030e7e179f6da6ca92996f -> e8a1244111ee13bdef5a3d308c37bdd7
  custom:scripting/monoscript/fileName/EnemyCounter.cs: 3160fd62f88a9799067d06e3c2627f5d -> 2a94bf85e7c576f05eb5154ad36197b3
  custom:audio-encoder-webm-vorbis: bf7c407c2cedff20999df2af8eb42d56 -> 
  custom:scripting/monoscript/fileName/DroneAtaque.cs: 86365ffb7a3e48d06a3a8fa23e5578a3 -> 70c4dbe9cac6c9b02aa7bf450f00b264
  custom:scripting/monoscript/fileName/PlayerHealthTests.cs: c2d97ca87dcd91f96191729e9990d0cf -> 
  custom:scripting/precompiled-assembly-types:GameScripts: 4fb7036bdbe01320cac93e598393aa3b -> 
  custom:scripting/precompiled-assembly-types:Assembly-CSharp: 9f818c5ef09b87ccfd4df882abb39c56 -> 208e98eaf41e70cab978e23c588a5e97
========================================================================
Received Prepare
Assembly with name 'Tests1' already exists (Assets/Pruebas/Tests 1/Tests 1.asmdef)
Assembly with name 'Tests1' already exists (Assets/Scripts/EnemigoDron/Tests 1/Tests 1.asmdef)
Assembly with name 'Tests' already exists (Assets/Pruebas/Tests/Tests.asmdef)
Assembly with name 'Tests' already exists (Assets/Scripts/EnemigoDron/Tests/Tests.asmdef)
Caller must complete domain reload
Assembly with name 'Tests1' already exists (Assets/Pruebas/Tests 1/Tests 1.asmdef)
Assembly with name 'Tests1' already exists (Assets/Scripts/EnemigoDron/Tests 1/Tests 1.asmdef)
Assembly with name 'Tests' already exists (Assets/Pruebas/Tests/Tests.asmdef)
Assembly with name 'Tests' already exists (Assets/Scripts/EnemigoDron/Tests/Tests.asmdef)
Begin MonoManager ReloadAssembly
- Loaded All Assemblies, in  0.295 seconds
Native extension for WindowsStandalone target not found
Native extension for Android target not found
Native extension for WebGL target not found
Assembly with name 'Tests1' already exists (Assets/Pruebas/Tests 1/Tests 1.asmdef)
Assembly with name 'Tests1' already exists (Assets/Scripts/EnemigoDron/Tests 1/Tests 1.asmdef)
Assembly with name 'Tests' already exists (Assets/Pruebas/Tests/Tests.asmdef)
Assembly with name 'Tests' already exists (Assets/Scripts/EnemigoDron/Tests/Tests.asmdef)
Mono: successfully reloaded assembly
- Finished resetting the current domain, in  0.796 seconds
Domain Reload Profiling: 1090ms
	BeginReloadAssembly (111ms)
		ExecutionOrderSort (0ms)
		DisableScriptedObjects (3ms)
		BackupInstance (0ms)
		ReleaseScriptingObjects (0ms)
		CreateAndSetChildDomain (28ms)
	RebuildCommonClasses (20ms)
	RebuildNativeTypeToScriptingClass (7ms)
	initialDomainReloadingComplete (18ms)
	LoadAllAssembliesAndSetupDomain (137ms)
		LoadAssemblies (182ms)
		RebuildTransferFunctionScriptingTraits (0ms)
		AnalyzeDomain (11ms)
			TypeCache.Refresh (5ms)
				TypeCache.ScanAssembly (0ms)
			ScanForSourceGeneratedMonoScriptInfo (0ms)
			ResolveRequiredComponents (4ms)
	FinalizeReload (796ms)
		ReleaseScriptCaches (0ms)
		RebuildScriptCaches (0ms)
		SetupLoadedEditorAssemblies (443ms)
			LogAssemblyErrors (0ms)
			InitializePlatformSupportModulesInManaged (12ms)
			SetLoadedEditorAssemblies (2ms)
			RefreshPlugins (0ms)
			BeforeProcessingInitializeOnLoad (56ms)
			ProcessInitializeOnLoadAttributes (353ms)
			ProcessInitializeOnLoadMethodAttributes (15ms)
			AfterProcessingInitializeOnLoad (5ms)
			EditorAssembliesLoaded (0ms)
		ExecutionOrderSort2 (0ms)
		AwakeInstancesAfterBackupRestoration (5ms)
Refreshing native plugins compatible for Editor in 2.40 ms, found 3 plugins.
Preloading 0 native plugins for Editor in 0.00 ms.
Unloading 3901 Unused Serialized files (Serialized files now loaded: 0)
Unloading 15 unused Assets / (109.6 KB). Loaded Objects now: 4746.
Memory consumption went from 146.3 MB to 146.2 MB.
Total: 4.005600 ms (FindLiveObjects: 0.347600 ms CreateObjectMapping: 0.210700 ms MarkObjects: 3.390200 ms  DeleteObjects: 0.056500 ms)

Prepare: number of updated asset objects reloaded= 0
AssetImportParameters requested are different than current active one (requested -> active):
  custom:scripting/monoscript/fileName/AttackSystem.cs: 4dd224366d6d2bf0b3eb61a87746d58b -> dd5b58e243460e97769b556093218842
  custom:container-demuxer-ogg: 62fdf1f143b41e24485cea50d1cbac27 -> 
  custom:video-codec-MediaFoundation-h265: 746d11721c4dcdbdad8f713fa42b33f4 -> 
  custom:video-decoder-ogg-theora: a1e56fd34408186e4bbccfd4996cb3dc -> 
  custom:framework-win-MediaFoundation: 216162199b28c13a410421893ffa2e32 -> 
  custom:scripting/monoscript/fileName/UIGame.cs: 4b9a2cc4a5706f216d9230cf04684b14 -> f98156acb6c9b62b4aff1540a104a198
  custom:scripting/monoscript/fileName/ContoladorVictoria.cs: 6e9d79769af1cbc05c81c1f34bfef4b1 -> 6da0a7b1007ca5a312a287392f4369b9
  custom:scripting/monoscript/fileName/GetDamageAndDie.cs: fbaf5a72092f265d7f0053b95228f284 -> afcdc4a96c6b9d065e9a875dcfd62aba
  custom:CustomObjectIndexerAttribute: 9a22284fe3817be447336de3de66b15e -> 
  custom:container-demuxer-webm: 4f35f7cbe854078d1ac9338744f61a02 -> 
  custom:container-muxer-webm: aa71ff27fc2769a1b78a27578f13a17b -> 
  custom:video-decoder-webm-vp8: 9c59270c3fd7afecdb556c50c9e8de78 -> 
  custom:scripting/monoscript/fileName/ControladorPantallaMuerte.cs: 2a47016a00a059b8bd2b5258d73fa50b -> 4f485aefde55c81c83888f08f6f419e6
  custom:scripting/monoscript/fileName/PantallaVictoria.cs: 45d025b7d42b63060f3f45bfa348c914 -> f97ee5a21b66394bafd30c368862f672
  custom:SearchIndexIgnoredProperties: e643bd26f0fe6173181afceb89e7c659 -> 
  custom:AudioImporter_EditorPlatform: d09bf68614088b80899f8185d706f6e7 -> 
  custom:scripting/monoscript/fileName/PlayerHealth.cs: bf586641a7364928427dcda47e95ab02 -> 49f415306e52895faa0b0a35d62e54a1
  custom:scripting/monoscript/fileName/MovementMainCharacter.cs: 8b7b2254b09259093977f480434151e9 -> 1a5db01e19f89a26ed7bc1eeb6c5c637
  custom:scripting/monoscript/fileName/MouseLook.cs: 400179e6373435a1db0012b3e558d044 -> 02bafd22af827e561c2131ae88bbd075
  custom:scripting/monoscript/fileName/Proyectil.cs: 09d2083d478999f3eda8dc0afc8a0565 -> b7c53721b84d8c3ac2fc196d65ff7cc4
  custom:scripting/precompiled-assembly-types:PlayMode: 4f145f65e9f825d84fe31e87a06818d5 -> 
  custom:video-encoder-webm-vp8: eb34c28f22e8b96e1ab97ce403110664 -> 
  custom:audio-decoder-ogg-vorbis: bf7c407c2cedff20999df2af8eb42d56 -> 
  custom:scripting/monoscript/fileName/EnemyMove.cs: 340d789142930787ba1b5af1a4e42f5d -> 0a33fdc3c6aeb686e38d4e7cb24ce84f
  custom:scripting/monoscript/fileName/UIInGame.cs: ea451540bf030e7e179f6da6ca92996f -> e8a1244111ee13bdef5a3d308c37bdd7
  custom:scripting/monoscript/fileName/EnemyCounter.cs: 3160fd62f88a9799067d06e3c2627f5d -> 2a94bf85e7c576f05eb5154ad36197b3
  custom:audio-encoder-webm-vorbis: bf7c407c2cedff20999df2af8eb42d56 -> 
  custom:scripting/monoscript/fileName/DroneAtaque.cs: 86365ffb7a3e48d06a3a8fa23e5578a3 -> 70c4dbe9cac6c9b02aa7bf450f00b264
  custom:scripting/monoscript/fileName/PlayerHealthTests.cs: c2d97ca87dcd91f96191729e9990d0cf -> 
  custom:scripting/precompiled-assembly-types:GameScripts: 4fb7036bdbe01320cac93e598393aa3b -> 
  custom:scripting/precompiled-assembly-types:Assembly-CSharp: 9f818c5ef09b87ccfd4df882abb39c56 -> 208e98eaf41e70cab978e23c588a5e97
========================================================================
Received Prepare
Assembly with name 'Tests1' already exists (Assets/Pruebas/Tests 1/Tests 1.asmdef)
Assembly with name 'Tests1' already exists (Assets/Scripts/EnemigoDron/Tests 1/Tests 1.asmdef)
Assembly with name 'Tests' already exists (Assets/Pruebas/Tests/Tests.asmdef)
Assembly with name 'Tests' already exists (Assets/Scripts/EnemigoDron/Tests/Tests.asmdef)
Caller must complete domain reload
Assembly with name 'Tests1' already exists (Assets/Pruebas/Tests 1/Tests 1.asmdef)
Assembly with name 'Tests1' already exists (Assets/Scripts/EnemigoDron/Tests 1/Tests 1.asmdef)
Assembly with name 'Tests' already exists (Assets/Pruebas/Tests/Tests.asmdef)
Assembly with name 'Tests' already exists (Assets/Scripts/EnemigoDron/Tests/Tests.asmdef)
Begin MonoManager ReloadAssembly
- Loaded All Assemblies, in  0.289 seconds
Native extension for WindowsStandalone target not found
Native extension for Android target not found
Native extension for WebGL target not found
Assembly with name 'Tests1' already exists (Assets/Pruebas/Tests 1/Tests 1.asmdef)
Assembly with name 'Tests1' already exists (Assets/Scripts/EnemigoDron/Tests 1/Tests 1.asmdef)
Assembly with name 'Tests' already exists (Assets/Pruebas/Tests/Tests.asmdef)
Assembly with name 'Tests' already exists (Assets/Scripts/EnemigoDron/Tests/Tests.asmdef)
Mono: successfully reloaded assembly
- Finished resetting the current domain, in  0.837 seconds
Domain Reload Profiling: 1125ms
	BeginReloadAssembly (104ms)
		ExecutionOrderSort (0ms)
		DisableScriptedObjects (3ms)
		BackupInstance (0ms)
		ReleaseScriptingObjects (0ms)
		CreateAndSetChildDomain (30ms)
	RebuildCommonClasses (19ms)
	RebuildNativeTypeToScriptingClass (7ms)
	initialDomainReloadingComplete (17ms)
	LoadAllAssembliesAndSetupDomain (140ms)
		LoadAssemblies (177ms)
		RebuildTransferFunctionScriptingTraits (0ms)
		AnalyzeDomain (11ms)
			TypeCache.Refresh (5ms)
				TypeCache.ScanAssembly (0ms)
			ScanForSourceGeneratedMonoScriptInfo (0ms)
			ResolveRequiredComponents (4ms)
	FinalizeReload (838ms)
		ReleaseScriptCaches (0ms)
		RebuildScriptCaches (0ms)
		SetupLoadedEditorAssemblies (475ms)
			LogAssemblyErrors (0ms)
			InitializePlatformSupportModulesInManaged (15ms)
			SetLoadedEditorAssemblies (2ms)
			RefreshPlugins (0ms)
			BeforeProcessingInitializeOnLoad (66ms)
			ProcessInitializeOnLoadAttributes (373ms)
			ProcessInitializeOnLoadMethodAttributes (16ms)
			AfterProcessingInitializeOnLoad (4ms)
			EditorAssembliesLoaded (0ms)
		ExecutionOrderSort2 (0ms)
		AwakeInstancesAfterBackupRestoration (5ms)
Refreshing native plugins compatible for Editor in 2.54 ms, found 3 plugins.
Preloading 0 native plugins for Editor in 0.00 ms.
Unloading 3901 Unused Serialized files (Serialized files now loaded: 0)
Unloading 15 unused Assets / (109.7 KB). Loaded Objects now: 4761.
Memory consumption went from 146.3 MB to 146.2 MB.
Total: 3.590500 ms (FindLiveObjects: 0.347700 ms CreateObjectMapping: 0.113600 ms MarkObjects: 3.068800 ms  DeleteObjects: 0.059600 ms)

Prepare: number of updated asset objects reloaded= 0
AssetImportParameters requested are different than current active one (requested -> active):
  custom:scripting/monoscript/fileName/AttackSystem.cs: 4dd224366d6d2bf0b3eb61a87746d58b -> dd5b58e243460e97769b556093218842
  custom:container-demuxer-ogg: 62fdf1f143b41e24485cea50d1cbac27 -> 
  custom:video-codec-MediaFoundation-h265: 746d11721c4dcdbdad8f713fa42b33f4 -> 
  custom:video-decoder-ogg-theora: a1e56fd34408186e4bbccfd4996cb3dc -> 
  custom:framework-win-MediaFoundation: 216162199b28c13a410421893ffa2e32 -> 
  custom:scripting/monoscript/fileName/UIGame.cs: 4b9a2cc4a5706f216d9230cf04684b14 -> f98156acb6c9b62b4aff1540a104a198
  custom:scripting/monoscript/fileName/ContoladorVictoria.cs: 6e9d79769af1cbc05c81c1f34bfef4b1 -> 6da0a7b1007ca5a312a287392f4369b9
  custom:scripting/monoscript/fileName/GetDamageAndDie.cs: fbaf5a72092f265d7f0053b95228f284 -> afcdc4a96c6b9d065e9a875dcfd62aba
  custom:CustomObjectIndexerAttribute: 9a22284fe3817be447336de3de66b15e -> 
  custom:container-demuxer-webm: 4f35f7cbe854078d1ac9338744f61a02 -> 
  custom:container-muxer-webm: aa71ff27fc2769a1b78a27578f13a17b -> 
  custom:video-decoder-webm-vp8: 9c59270c3fd7afecdb556c50c9e8de78 -> 
  custom:scripting/monoscript/fileName/ControladorPantallaMuerte.cs: 2a47016a00a059b8bd2b5258d73fa50b -> 4f485aefde55c81c83888f08f6f419e6
  custom:scripting/monoscript/fileName/PantallaVictoria.cs: 45d025b7d42b63060f3f45bfa348c914 -> f97ee5a21b66394bafd30c368862f672
  custom:SearchIndexIgnoredProperties: e643bd26f0fe6173181afceb89e7c659 -> 
  custom:AudioImporter_EditorPlatform: d09bf68614088b80899f8185d706f6e7 -> 
  custom:scripting/monoscript/fileName/PlayerHealth.cs: bf586641a7364928427dcda47e95ab02 -> 49f415306e52895faa0b0a35d62e54a1
  custom:scripting/monoscript/fileName/MovementMainCharacter.cs: 8b7b2254b09259093977f480434151e9 -> 1a5db01e19f89a26ed7bc1eeb6c5c637
  custom:scripting/monoscript/fileName/MouseLook.cs: 400179e6373435a1db0012b3e558d044 -> 02bafd22af827e561c2131ae88bbd075
  custom:scripting/monoscript/fileName/Proyectil.cs: 09d2083d478999f3eda8dc0afc8a0565 -> b7c53721b84d8c3ac2fc196d65ff7cc4
  custom:scripting/precompiled-assembly-types:PlayMode: 4f145f65e9f825d84fe31e87a06818d5 -> 
  custom:video-encoder-webm-vp8: eb34c28f22e8b96e1ab97ce403110664 -> 
  custom:audio-decoder-ogg-vorbis: bf7c407c2cedff20999df2af8eb42d56 -> 
  custom:scripting/monoscript/fileName/EnemyMove.cs: 340d789142930787ba1b5af1a4e42f5d -> 0a33fdc3c6aeb686e38d4e7cb24ce84f
  custom:scripting/monoscript/fileName/UIInGame.cs: ea451540bf030e7e179f6da6ca92996f -> e8a1244111ee13bdef5a3d308c37bdd7
  custom:scripting/monoscript/fileName/EnemyCounter.cs: 3160fd62f88a9799067d06e3c2627f5d -> 2a94bf85e7c576f05eb5154ad36197b3
  custom:audio-encoder-webm-vorbis: bf7c407c2cedff20999df2af8eb42d56 -> 
  custom:scripting/monoscript/fileName/DroneAtaque.cs: 86365ffb7a3e48d06a3a8fa23e5578a3 -> 70c4dbe9cac6c9b02aa7bf450f00b264
  custom:scripting/monoscript/fileName/PlayerHealthTests.cs: c2d97ca87dcd91f96191729e9990d0cf -> 
  custom:scripting/precompiled-assembly-types:GameScripts: 4fb7036bdbe01320cac93e598393aa3b -> 
  custom:scripting/precompiled-assembly-types:Assembly-CSharp: 9f818c5ef09b87ccfd4df882abb39c56 -> 208e98eaf41e70cab978e23c588a5e97
